0.38052371172044763,0.7346966993985798,0.7448949358443432,0.9682689682785665,0.020781392142035914,-0.08544999507554576,0.016844922898425915,-0.0
-0.3216549485394298,-0.3751136347391067,-0.0,0.0,0.3857515744290506,-0.377657215725806,0.11657421661574868,-0.13903203147382343
-0.0014469226819835118,-0.23932341348594136,-0.0,0.2606206655529671,0.0,0.0,0.0,-0.0003638812304970962
-0.16152640551715913,-0.47613112170771765,-0.4281247827356262,-0.11256102045933986,0.0,-0.0,-0.0,-0.0
0.8065054108476815,0.47479125437344083,0.3922414232682218,0.03269056998950765,0.2864540970069792,-0.07913423627228824,-0.0,0.5636560001409591
0.08046505811041993,-0.6150952591928506,-0.7880101341478166,-0.3843338289375274,-0.3843370259993877,0.0,-0.008191946122301785,0.5585321336898796
0.47267830884517975,0.4124851862694639,-0.0,0.04099844175297722,0.09769331807515945,0.6707340035511444,0.03138641423824109,0.06917575378297858
0.496154137223717,-0.0,-0.0,-0.061312340524598455,-0.008215616339046022,0.0,0.0,0.19454851718992416
0.08969299302061777,0.0,0.10984802402853229,0.0,0.6018587901119872,1.0517243261242566,0.0,-0.0
-0.3526463631264163,-0.8083788705317131,-0.3592876078650552,-0.049648162823121726,-0.03364288806900395,0.0,-0.29082535576490376,-0.10800389528879448
0.7880703917900225,0.6487881166499007,0.5173803979325228,0.048369879791213294,-0.16860405339825907,0.0,0.0,0.0
0.2295923313279641,-0.23721253922048588,-0.18046697799044908,0.0,0.0,-0.22395449745979013,-0.1619861883369264,0.0
0.08114252527363595,-0.1212286281698505,-0.0,-0.0,0.0,-0.8096046455599971,-0.11973552948416227,-0.1279387366776329
-0.11516460732545697,-0.8799996477098448,-0.04663743771650915,-0.052561168972023925,-0.16442448708022067,-0.0034159745413318166,0.005240776559773368,0.004560207562686861
-0.3324881993242796,-0.6390427502404675,0.5715366146475173,0.06268003135410269,0.05323726567765847,-0.07483296197950404,-0.7212416688219612,-0.2827924163189458
0.0,0.3450318844954435,0.3525671803918236,0.17064124859341945,0.12733612451071824,0.34549199387523616,0.01029463628637663,0.08857595394166445
0.33286991798741145,0.07860429256085721,0.38311682192597957,-0.23809080416236525,-0.06174859765981431,-0.06307825915116895,-0.07920899743644907,0.11335822347990847
0.27881272176151756,-0.038056605434789816,0.2816345338180302,0.19381649834475898,-1.5072875137357953e-9,0.0,0.5568555521380163,0.43360404634659194
0.3418047451169676,0.6574087461061536,0.34803011051842875,0.2836376041513021,0.6245634409668627,0.6298365708070538,0.20032248611483405,0.0
0.20762341306479062,0.11772172624218351,-0.0,0.2602055006662964,-0.0,-0.39942423158703694,0.5088221657061959,0.0
0.4221861892954855,-0.0,0.05666534174093406,0.056665341729261624,0.0,-0.619642038584011,-1.9508315402025276,0.002555346746140243
-0.46989318836447164,-0.4327631151686452,-0.11634680971009201,-0.3927662909717775,-0.5143315126894888,0.1561315410612035,0.1602880658329689,0.0
0.21489808447486722,-0.14205086600778724,-1.313655067431352,0.6611163675185066,0.7352195579529684,0.0,0.0,0.0
0.13800183420761186,0.01843933282826391,0.2545936819746036,-0.0,0.0,0.466280206554937,-0.0,-0.0
0.3140659153350534,0.07801966644082639,-0.4627742935449959,-0.0,-0.0,-0.0,-0.36717665989146436,-0.0
0.0,0.3467501821126775,0.0,-0.16488868807252946,-0.0,0.6999099063803816,0.002234159613361885,-0.08031662973286832
-1.3456103175920964,-0.5676345049496324,0.4556505168018279,-0.08361333302862249,-0.3036617981336652,-0.3030606426644908,-0.0,0.08548853332036718
-0.35326003897919495,-0.8275628140848278,-0.8272996746093807,-0.26301906319358853,0.0,0.01855312323368816,0.26846473383188335,-0.0
-0.4456609360362971,-0.04915965473806329,-0.12692507308444265,-0.12847122971374209,-0.13170295147847141,0.1433847544600631,0.0,0.0
0.1503557312767926,-0.0,-0.10104474381521407,0.25529461568506334,-0.1917949829156512,0.0,0.0,0.4903516631589468
-0.8231722276566057,-0.4978156660352853,-0.18697781546628,-0.44697982016658466,0.0,0.4819663866679473,-0.1412696393129841,-0.0
-0.04368751560396801,0.16384843981649735,0.32792057291647475,0.15809156554808107,0.24174698842853926,1.4575275509046686,0.4566927502232806,0.4570591066069937
-0.40075047417360715,0.0,-0.0,-0.0,0.0,0.0,-0.0,0.0
-0.1617985267500252,-0.3630067239817099,0.005497825744929524,-0.12856965027485798,0.11381287606471323,-0.0,-1.142454154647971,0.6276410359666222
-0.0,0.052962405426065104,0.011009466674972828,0.23581910141550022,0.12830748806786138,1.2388153709139633,0.776098664597442,-0.0
0.10213317498868595,0.1044641746086595,-0.2850697966404123,0.0496418078601145,-0.0,0.1521716834333043,0.16074635169510534,0.1483475908789738
-0.23336268951733483,-0.40152255056529146,0.0,0.0,0.16898452608455042,0.24159928773284167,0.2363354695194562,-0.0
-0.0,0.09693613866209128,-0.33253422071745187,-0.33798474371165466,-0.27909757786361683,0.0,-0.391204743474945,-0.0
-0.48972070642369253,-0.0,0.0,0.0,-0.0074335110056435935,0.0,0.8232786796492062,0.0
0.3262233054283381,1.228151380078127,1.157452987163098,0.44541551600227197,0.4366372809064663,0.0030021133093419542,0.15561363847536297,0.32278359514144817
0.19925167910280578,0.08167300930404675,0.6818730133999623,0.4167555458139797,0.2025789255062196,0.7247304940736392,0.7504054215313485,0.7477761748540589
0.4750273727942278,0.49166255016577565,-0.11037658891735526,-0.03396234143894839,0.13141954229165984,0.0011572039844609755,0.0003539415226210695,-0.7148648184273162
-0.07624443117662283,0.4778880891528824,1.2689503914991078,0.13587584710321282,-0.22515752160565417,0.003516234165444743,0.79800355862873,0.7977065216337724
0.054180701376492335,0.10729925311108378,0.38645640675655435,0.0,-0.0,0.03200801956284013,0.0,0.0
0.11958096936874765,-0.0,-0.0,-0.4898728705452278,0.006648105640140204,0.0,-0.005922428100862939,-0.0
-0.39601537370523765,-0.6893973878524099,-0.6412990885160154,-0.23738149082871163,0.04158376620496835,-0.0014880106681087525,-0.0,0.4271107743311777
-0.23926218496975174,-0.23926218495004511,0.0,0.794361971320613,0.26445881078567607,0.0,-0.17065829923299933,0.0
0.09841789318429756,0.01053441059134251,0.17568669025617156,-0.0,0.0,0.0,-0.31346536803343517,-0.0
-0.47903450322582275,-0.5835170301991914,-0.15070034975520336,9.490437844043514e-5,-0.31185378867761265,0.017057004784778965,-0.0,0.22744786182794724
0.047041408552836825,0.4655777706339413,0.0,-0.0,-0.2574535843886325,-0.007978660451967306,0.35995564987944445,-0.4622868247667142
0.05179407652261108,0.17397769625615783,0.02119983384610043,0.2863179526105442,0.28631795261526577,0.0,-0.0,-0.0
0.0,0.10341223797672848,0.07988462441481775,0.0,-0.0,0.1539523604117015,0.14512435115707872,0.14504512154673457
0.8070383913880044,0.1296975414419389,-0.23394308659102456,-0.0,-0.0,-0.30267094863150773,-0.0,0.4617292874442847
0.08569238402136618,-0.0,-0.0,0.142450808201147,0.0998275856453047,0.09992539599714673,-0.013017381339989238,-0.0
0.7228992873097587,0.4060182628085069,0.3067049334430252,-0.0,-0.4487477793387807,0.2803379225773443,0.4513634388200747,0.33093914660667206
0.0,0.010002702028077503,0.23804230031772503,0.10274039246498477,0.10274039249140118,0.18283507271749738,0.17926466241386207,0.3181040667453092
0.04501738485423308,0.02603240219968238,0.465341363759479,0.08354598020704614,0.057213301924230714,1.3874853892527161,1.0257207755551367,0.66934577610688
-0.27911695870557257,-0.4176084848538818,-0.3454233246626988,-0.4071843044798747,-0.1684334588565288,-0.013737789664506386,-0.0,-0.0
-0.05900143723867651,-0.0,0.0017247478750059544,-0.0,-0.11330661003362429,-0.0,-0.0,-0.0
0.5211859942187435,0.4978020363432728,1.0574499252427418,0.22235820610003054,0.22275310455179537,0.0,0.005520076642761788,0.0
-0.5254051643087182,-0.6526455885817987,-0.48433522939915546,-0.2836163045949232,0.12148101405353419,-0.16064163567256926,-0.0014349265261852729,0.0
-0.8529124990448019,0.22780746171049093,0.9909640437988767,-0.5272984680354956,-0.7264876411313296,-0.007874093625152668,-0.054363994344495424,-0.0
-2.070307947019772,-2.469952863890443,-2.2304645389179587,-0.2733997672104641,-0.8691798744919579,1.2019527431862507,1.2344555635223928,0.7353263558022143
0.28400449443800296,0.24517753689624988,0.004818875427414784,0.38383279994902825,0.2900108397868307,-0.0871386770907364,-0.07837336724233716,-0.4277977611457017
0.7980284368844425,0.5798617111162768,0.10974651474932737,0.09517683101512193,0.0,0.003675102738596683,-0.24584069238113151,-0.9950689287610158
0.7674616081878189,-0.2674487578166127,0.1354288495839761,0.0,-0.23373248642534994,0.9913141486150175,0.6599203857941233,-0.23362702726463166
-0.1380174784359978,-0.6645854706997696,0.0,0.2803145540443086,0.1836418327347562,-0.0,-0.0,-0.0
0.10783985040044913,-0.17592515788271154,0.0,0.0,0.0,0.008985791588420533,-0.0,-0.0
0.2848698993406393,-0.14559169130038976,-0.02546236902802397,-0.1438314437132458,0.0,-0.0,-0.0,0.0
0.6497324048507168,0.2572423266482323,-0.18488310955559742,0.3267510148113263,0.0,0.19344169427848398,0.0,-0.0
-0.07729659108817626,-0.10536594949166433,-0.020953255303217885,-0.03173396033626263,-0.02360993213649661,0.0,0.0,-0.04087720887857537
0.7684039779842978,0.5651174389440451,0.0,0.43882408122668837,0.07942180661958047,0.16258642622124178,-0.15072299545041823,-0.8705416214322399
-0.16625571399889064,-0.5519652051703204,-0.3445198565447352,0.0,0.0,0.15155929786681482,0.16388091561853324,0.0007377152919630626
-0.17081377203277398,-0.016713158362818545,0.0010792785931069647,0.22043865071020813,0.5562464892172069,0.6799700586555152,0.6681458093201498,0.7600024771655343
0.6116226509525069,-0.27082401547743895,-0.36175750711797844,0.11129877572850905,0.0,-0.0,-0.0,0.9397466805400554
-0.15463156940154407,0.11520541269777766,0.9846298496803904,1.0091550942813965,0.0,-0.22678305876986565,-0.2706798649262124,0.0
0.24663042032646648,0.25046560285218233,0.8954196941223463,0.1647838138869889,-0.027523593418560303,-0.42125305431937454,0.0,0.32334606628716145
0.10437143363987637,0.5729106735285306,0.0022668187113556765,0.2713649813535957,0.26827760087251357,0.2658811018005197,0.08620091174147382,0.002290987632554692
0.5246096057698871,0.31848353764820986,-0.6528177266349339,-0.01670493670965516,-0.44539022597095135,-1.1284399782747991,9.59436768905066e-6,0.2559380611954996
0.08757544198020567,0.44633935321195156,0.0,-0.3298550760163683,-0.43622606645052553,0.0,0.7107391934122205,0.47576880242658093
0.6775413728093773,0.8811690868200293,0.0,-0.6918725684395152,-0.02143126834902133,-0.6499881322325075,-0.39923122766863717,0.0
0.6926308017690396,0.039074517126416866,-0.0,-0.3795459349822163,0.30369554117067016,-0.0,0.0,0.0
0.15152909202939993,0.14768606763730416,0.3675505057290596,0.2533903982967421,0.0,0.6402088879912432,1.2881735585073721,1.3440915574013812
-0.3105472914904915,-0.39689270510476304,-0.015060594935618801,-0.2262744441858173,-0.3326673511880024,0.014388844563716538,-0.0,-0.0010930969994080392
0.9687218317167643,1.6345371374114506,0.30377830777056736,0.0,-0.02533586144948001,-0.023221846304704263,0.0,0.0
-0.0,0.2694556097456945,0.3343835041688313,0.44583753932694226,0.052711442134458754,0.04320529172034305,0.08391292449891755,0.49001322520128915
-0.05288233633945255,-0.16304700309652578,-1.687578161230777,-1.4669743858298896,-1.3255862990622005,-2.3317218712015926,-0.6831053604625636,-1.1019155046905798
0.25445694992622014,-0.07560020506681156,-0.08105227820576402,0.22648128671020948,0.006998555236297694,0.667373682754771,0.33639464775555405,-0.3293319528341244
-0.11219067802306162,-0.0662179769667625,0.03969855202243235,-0.10430133615231924,-0.11506949272943573,-0.0,-0.0,-0.0
0.1254635854609866,-0.1928836341046628,-0.593567086900485,0.05810483580582909,0.06296366186547515,-0.0,-0.0,0.0
0.2733584228422839,0.0,-0.31424287127983264,0.14265138614279507,0.003765100010675859,0.1547475279768286,0.6779233115004258,0.7138862588443257
-0.03878672578786978,0.10832132100946129,0.2208921229926892,-0.09971228500227337,-0.004952422589043992,0.45438810297023585,0.4543881030119699,0.0
0.28004875751612346,0.7300283491016639,0.2614327908001922,-0.0,0.07364193910229033,0.29574457683453237,0.0,-0.0
-0.031075968053338086,-0.12954483886017862,0.2539579559450253,0.020029330977792584,-0.08170426954041912,1.2459100975350197,0.9006505537618907,-0.23256365384367364
0.3783682775252125,0.35821955881325085,0.3558263575866588,0.2532051701010374,0.18765875842415955,0.18165496465030498,0.0,0.0
-0.7199714048835991,-0.6532917380037145,0.18087628249688506,0.24882143189111666,0.06684953770912264,-1.1227988517387095,-1.2644171724749935,0.01121781627925003
0.2985802836197706,0.0,0.09798147703624766,-0.0,-0.24892033025900098,0.2310198907640118,0.004021089323612821,0.0028001021471369724
0.0,-0.0,-0.34436624905975655,0.4691358356178778,0.0,0.060197541405135946,0.288181744954175,0.48339564125482326
-0.08716308503015813,0.0,0.19814796746834598,0.06681913494129602,0.0,0.13092728444890747,0.20302945631563898,0.0
-0.5909085829207845,-0.5229598768470677,-0.2450462040132554,-0.0,-0.012467848791683828,0.0,-0.0,-0.10307451557102466
-0.16485467994067662,0.0,0.0022407167179993434,0.1119875093065379,0.11059209513860078,0.028641208381391604,0.015272316005704095,0.21810741237016698
0.19565310745678344,0.9565378453309819,1.3583799407828236,0.5254416705065348,-0.10009152541744558,-1.4515000741072643,-0.25409402417804805,-0.0
-0.0758590804486607,0.17549370519091675,0.1798597280386442,0.29561516456648523,0.0,0.0,0.0,0.0
-0.3832918922248824,-0.1679633958909722,-0.8659624187576949,-0.19741503679191225,0.3774628578746934,0.0,0.0,-0.2730749611277337
-0.012342050210943875,-0.42400688465044295,0.016444253257352045,0.01750280142296255,-0.3156437538096045,0.0,0.0,-0.5939523807843813
-0.0,-0.20424945543876916,-0.004932078829059086,0.5221850639148437,-0.0,0.0,0.7109729222030787,0.3275783708681066
0.004548517947067535,0.35034469794310963,-0.0,0.009574108805904603,0.0,0.0,-0.1282940225438668,-0.12829402250322539
0.1450615262124541,0.1450615261873741,0.60819852106866,0.382184092429743,0.5297609581058772,0.5543640082020381,0.27015193328916526,0.010628887928151691
0.24314456566009923,1.1982942601229603,0.020345365014364968,0.02034536515744313,0.0,-0.522923226945767,0.0,0.0
-0.2549311347514768,0.4162683332524684,0.012161316781220009,0.13730059889497823,-0.2472526302580277,0.9516469266716594,0.5653667313362372,0.0
0.0,-0.13783121456271066,0.003758749375958133,-0.0,0.0,0.00030393307189516614,0.0,0.1748917691813781
-0.7905879079981953,-0.9541744308458661,-1.474002321261065,-0.11138075300563748,-0.0,0.0,0.19892394880876593,0.0
-0.0,-0.2728219143642877,0.28827078604029,-0.0,-0.0,0.0006993916039113522,0.2018078210796712,-0.14482635551290124
-0.8723836036855537,-0.34556192076757164,0.6891828081046043,-0.24128906001123276,-0.1367225354843038,-0.008033104755875143,0.0,-0.0
0.341918422920151,0.49335550421533875,0.2422064615734737,0.13954010211048928,0.0842295850149458,0.06476047069895323,0.04301565871341307,0.51572830799235
-1.0552119052629374,-0.4384331857416344,0.43955125595156525,0.18025137598448268,0.18025137596763846,0.09373247282861918,0.001777230093001618,0.0
0.06462838033843032,-0.596712712749129,-0.33275912856480006,0.0,0.0,0.1852227706529477,0.13947259911287313,-0.0
0.15470252331917264,0.12299700872175931,0.048498302580447114,0.0,0.06749107500075213,0.3667832653070217,0.3667832653040364,0.3786501301920854
-0.0,-0.23676818370510394,-0.0,-0.38437643125740845,-0.26019753232002263,-0.01899958502403146,-0.017419942293649463,0.17081241659404578
0.41853973202305866,0.0,0.0002263847312482507,0.2876512241003546,0.14465070536445293,-1.5237288745212443,-0.0031468373446661676,-0.0
0.05644983742301125,0.12564663527207226,0.5247183613121879,0.38969533517097915,0.009606978654411014,-0.8514254809823868,-1.1571595715019651,-0.004637850536536915
-0.0,-0.11224792057618542,-0.19525154228912267,0.0,0.0,0.0,0.0,0.0
0.07426847533298436,0.24612146562514864,0.0,-0.0040585988138878044,0.15929750790538486,-0.1868893054867292,-0.0,0.0
-0.002552795107147138,-0.09729829921433275,0.0,0.152780237182184,0.007788184566947015,-0.6529103976374693,0.19727416596167205,0.13615994651319693
0.5004660518417541,0.17735348599636214,0.04420158591569115,0.12927537580476622,-0.093177011523665,-0.009178323230854412,0.0,-0.0
0.6874300137796168,-0.049790617374146535,-0.04275514411925008,0.0,-0.30830939204659585,-0.0,-0.0,-0.0
-0.0037057486727322003,-0.381350053669826,-0.0,-0.0,0.22599789362342493,0.570964334112977,1.0925774487458244,0.18203409335400791
-0.0,-0.0,0.01781803538256941,0.26257602116071943,0.0,0.0,0.0,0.0
0.09143164561613407,0.15524225119340487,0.3718680049886528,0.43257986295672674,-0.0030706476316223704,-0.385278982578698,0.0,0.06392895525976022
0.6399121947794187,0.4277641100830992,0.003356006075975254,0.00799748826474219,0.0,0.0,0.19392294462998788,0.010211413714309038
0.3409754159675917,0.4145956659682277,-0.14367994340500698,0.2713635855107462,0.4504862314911785,0.8365691039350704,0.3463860998919229,0.0
0.6368785583036936,0.36102839590747837,0.07900793470542083,0.07900793468952977,0.15053338836164762,0.4534414723900278,0.4534414723712693,0.8874152420919498
0.5510116746977823,0.3522900421529868,-0.2538367306814728,0.0045082731112325485,0.0,0.45178829020663563,0.6430584634291994,0.46951100797503204
-0.0,0.3838388625649033,0.20870812843583916,0.20870812875439862,0.09025847754122698,-0.05325538631447674,-0.040238325262961644,-0.1782825905720855
-0.16402773319638903,-0.06750002119353461,-0.19175782392322105,0.04587515893666015,0.18606397421352452,0.67705527091494,-0.9163153316693239,-0.3817183841450416
-0.026980993055534235,0.0745585926805763,0.17001101964614157,0.34553381382541704,0.4871304250969934,0.8294981743050364,0.5643938546324804,0.153521331209495
-0.17730004266214386,-0.3237299945703449,-0.21963667286913285,-0.015874372679514602,-0.16989394845841957,-0.02683062746386287,-0.3647027353731309,-0.37540795364592794
-0.4153165296842782,-0.18405678801928418,-0.14926252350711489,-0.17597904297077138,-0.36111605899054894,-0.0,-0.0,-0.0
-0.0,-0.5691910220255212,0.013761602196175908,-0.0008285203581034435,0.0,1.3532629955555522,0.0,-0.9950684519679504
0.08143046362804782,-0.562624295066719,0.17768407588991575,-0.0,0.09718343155160766,1.2023276123739923,-1.4859670536997087,0.0
-0.3793165948999689,-0.15894546678482083,-0.19966496139242132,0.05003894187113284,-0.24807702864285916,-0.026529437715377958,-0.08118116839766838,-0.5180228557703558
-0.235513568529458,-0.6856035346129453,0.0009223660187651083,0.20116683317040318,-0.21993530075473133,-0.0,-0.0,0.7516332186494825
-0.15185003893484209,-0.1412487593826491,-0.0,0.00047776642084294656,0.0,0.003283657244171503,-0.11346926643954043,-0.4195259807270368
-0.626961293035465,-0.36214902604780375,-0.29108243942922046,-0.1714191090120923,0.0,-0.043301641790640256,0.3575852795831448,0.989253574119099
-0.25109875190542175,-0.3238149900240972,0.38883910429655094,0.0,0.0,0.0,0.008154255034055419,-0.1441893952876421
-0.27352471305673387,0.23254282389777117,0.006912024055046823,0.006912024060977267,-0.0,-0.0,0.0,-0.15814212845341002
-0.7281385981585979,-0.34423808781785065,0.0,0.3001346840238627,0.2862141804764884,-0.0,-0.0,0.0
-0.9694355331702188,0.2573522153146151,-0.15525658848812446,0.18692775765848102,-0.5712954710551884,-2.3770215552728797,-0.0298224372434347,-1.1847638762890405
-0.1812731232242516,-0.1310334559478903,0.09720639374434109,0.24413771184108535,0.2910169213231013,0.2883822546850769,0.4955893702320958,0.06249642034360869
-0.07984114872654455,0.0,0.0,-0.1771499457763467,-0.18076973988772074,-0.18076973986872444,-0.04763010907419237,-0.05117883591616717
0.45454240400599394,0.29306724629364855,-0.0,-0.0,0.0003175381310441921,0.36690945604880165,1.0685152276887024,0.49123677283689465
-0.4461770198226477,-0.615208526835846,-0.03531403571803584,0.01688866139004917,0.5337013978144913,-1.1683650124214742,-0.2711296071419791,-0.0
0.5581129047337214,0.2337526431657248,0.4073517113643587,-0.5192825288449466,-0.6049772337975426,-0.0,0.00207902253275013,-0.012200122507609663
0.3566915213616055,0.032317458598594105,-0.9380283105354181,-0.5665247366485425,0.018383624318191114,0.487061287262617,0.44995343275959815,1.0007090348823682
-0.17816165976675613,-0.24013193605727662,-0.0,-0.024779193473407957,-0.02656013339946993,0.0,0.30645438605129827,0.0
0.32651286384848377,0.0,0.0,0.0,0.0,0.011806540536818348,0.18048649518472681,0.3587634610421162
-0.0,0.10666708685040499,-0.958230336400341,-0.06040891458873052,-0.267353139264682,0.2225455681295168,0.7142729194186008,-0.01210625354544502
-0.048746575019356045,0.0,-0.01715017338985738,0.0,0.0,0.03055196686043893,0.7336842966174346,0.0
0.46315170718784393,0.08516078649908627,0.44499617054295687,0.08891473337417222,0.08622841453941234,-0.0,0.47964325336256686,0.23839615067877296
0.5245527162601747,0.6347001634324787,0.5411653475743028,0.01757490654096273,0.12490614458876048,0.5962860058891314,0.17317396187614265,-0.0
0.12645663711304478,-0.5759801169249953,-0.2923417091671568,0.3258589046120425,0.12386228530311806,0.0013894666464967956,0.04320779455225157,0.1096398968803544
-0.027206065532542328,-0.0934629515665965,0.5632587551883306,-0.0,-0.0,-0.0,0.0,0.0
0.34345251296869767,0.7224023743639654,0.8166106168005752,0.0942336613363252,0.09449244088903844,0.139460963587827,0.0,0.0
0.11479352312576416,-0.4633123160273853,0.3036153539178224,0.07247804258386889,0.005029107349385975,0.739270482369278,0.0,0.0
-3.1548485842574383,-2.22721596950194,-2.0621470510060207,-0.0,-0.007186669357189985,-0.011533256668487354,0.21445187228107992,0.22353013324043425
-1.1775418080067073,-1.0471000772417745,0.0011655988886450528,-0.14852606307435295,0.15405387362041176,1.0638625805063269,0.09729869694742271,0.06891914543673289
0.055029118342416576,1.25225454004598,0.827001754153009,0.12983997550191861,-0.0,-0.06903705402888888,8.722138837216003e-5,0.07162610523243344
-0.05140413803838758,-0.2728386167618239,-0.7282101714571124,-0.008026140756178303,-0.0074643054004288325,0.2439295607746001,0.8414114962497826,-0.0
0.2157739410707373,1.364800401426189,0.19850299887241593,0.21034870598353902,0.020921616530495343,0.0,0.0008520675714810594,-0.0
0.1303888064494039,0.8897211617848508,0.5624532993466375,0.169541750589075,0.0,0.2220786645767421,0.0,0.0
0.10560248630044078,0.6311760810420919,0.04759686651407781,0.0073698641669738395,-0.18157447067922447,0.0,0.0006364873636608743,0.0
0.019217227307115857,-0.4972392047078552,-0.35374838537900627,-1.2463984464691973,-0.9271302398081553,0.0,0.0,0.0
-0.2043664302744736,0.004080292792862401,0.004080292760774981,-0.0,-0.0,0.7943349073738396,0.3924295308944489,0.0
0.26462169754753306,0.2688360946025488,-0.07329727343209236,0.0158202522986333,0.07507856156065056,0.10288820089190372,0.10494163352774583,-0.016017660539098397
0.5608591022582099,0.38104206177916844,0.44857353636949965,0.4382174621940711,0.2621894042968803,0.38314400536793963,0.37019337795836804,-0.4522308736813514
0.29873440389078454,0.21624014248861695,-0.0,0.003869570004689856,0.0002859792741099809,0.9292248212020503,0.5276186906313525,0.0
-0.0,-0.6682191473366694,-0.5215002432594055,-0.40510500907039787,0.45270105353133805,-0.14910540540747644,-0.6436690449511204,0.0
0.3352575833254528,0.33365037972620026,0.02050053847174067,0.2609947660033671,0.5515529282380481,0.5458032928395438,-0.0,0.1847970200301473
0.3454618749814356,-0.6813659193374456,-0.055677577525497575,0.14201665190293666,-0.6407079842877758,0.0,-0.0,0.24568739309745574
-0.02041533562425154,-0.0,0.03834271942098127,-0.0,-0.006642461456740908,-0.0,-0.0,-0.0
1.2032041157562254,0.6922037130429928,-0.9913020439910336,0.17286022398578027,0.1472695935096876,-0.0002012019954512147,-0.00020635397641657598,0.326013498801599
-0.0033927435690988307,0.0,0.7166889210981731,0.042910872717100944,0.06390141760958257,0.07856782772952335,0.9562768498096147,0.40160979784302303
0.3737957681710553,0.5450888354386138,-0.07097698422458922,0.1748257245863008,0.5336839301523422,-0.022354983771008242,-0.19741006579446863,0.0
0.375804240684094,0.637397694886334,0.0,-0.2241480549763598,-0.5443215209636804,-1.9008525617402363,-0.17592351949177748,1.0033897034585206
0.25535022739703517,0.3215239173129386,0.0,-0.0,-0.0,-0.0,0.06416528768929132,-0.17353007445125732
-0.0,-0.0,0.5357828390405143,-0.1335717124493722,0.3413902697283194,0.7181275337463975,0.15925755576542022,-0.0
0.0,-0.13336054156661026,-0.5382913870613216,0.0,-0.031059392013666906,0.25020222534295117,-0.0,0.0
-0.029270658902605058,-0.9512075031508609,-0.04526311653440254,-0.062288171519729936,0.0,0.008574426055663307,0.0,0.0
-0.25176321155042486,0.0,0.0,-0.09813209371925186,-0.1073630489242579,-0.15206335349303868,-0.0,-0.0
-0.2311819684187731,0.2310063071375323,0.3821916403361528,0.2767263534240412,0.13225060014005421,0.0,0.2532660905363111,0.0
-0.0,-0.9361726654553131,-0.24197854118548565,-0.08362859353921234,0.21984122269052153,-0.7564198296366091,-1.6034715096098635,-1.4822597837764335
0.07612844825917962,0.6760872570285404,0.7297481094924485,0.0,-0.22998582379267304,-0.9087542294375498,-0.9032749623878155,-0.0
0.3575937692974763,0.7415713293971394,0.0,0.47164877349709444,0.2207058552332654,0.09842660634231265,0.31654364817024494,0.4910968421990937
-0.8676379651478572,-0.5727798948863759,0.052925031940733294,-0.19782347797581232,-0.20204783059751738,-0.06900808193037207,-0.10163123041918237,-0.23758821649294942
0.0,-0.545445586068693,-0.7202522841983123,0.17889581522470813,0.07351640050953785,0.669848843883225,-0.6119977456592227,-0.63666039978386
0.0,0.17639981724006515,0.3236260705245872,0.0,0.0,-0.0,0.0,-0.175740719208721
-0.0,-0.0,-0.0,-0.0,-0.0,0.0,0.0,0.09733553820035248
0.2630984121240904,0.14044660157556738,0.024692713724417482,0.0,0.662310678223416,0.6534186110252338,0.0,0.0
-0.2796566806366107,-0.0,0.853234706608503,0.0,0.18096859308460025,0.0,0.0,-0.0
-0.30154002907271293,-0.3857404589279152,0.011859446418365215,0.0,0.0,0.0,-0.2942901077964495,0.0
-0.7126869890032493,-0.1183728765717189,0.008857322438745627,-0.01047932545073407,-0.24925905771462206,-0.621311493621758,0.8588230809135802,-0.372898214471765
-0.650301472089542,-0.09841191048546356,0.04096825223280958,0.03791699843578093,0.0,0.009972550319420773,0.004909075087553848,0.0
0.5176667926972505,0.25506502056466973,-0.0,0.468697482726058,0.42457309242112257,0.5350593263664383,-0.0,-0.110826985532031
-0.0,0.268564207783676,0.15143725936857472,-0.0,-0.3193988651856938,0.21502842085535864,-0.36233366003244816,-0.1394969327063391
-0.739997811038867,-0.3872317609155694,-1.0875436642023133,-1.3838722454433237,-1.1004008459971995,-2.925801409105932,-2.5375749839034576,0.14063049636009695
-0.47904737776257483,-0.2567930634649379,0.0,0.0,0.23255319884060005,0.0,-0.11398651843933036,-0.3547663836954977
0.21694732744426617,0.1228410888644331,0.5430392283015969,0.15512003685856512,0.3755358820626923,0.4658497839172989,0.04553963665588903,-0.27723538929830294
-0.4929947228887039,-0.2422857662430029,-1.2354672633072945,-0.7997929518342312,-0.33205035963334134,-0.47193256239670495,-0.47218428260063955,0.38592752350795584
-0.12987662299372715,-0.6140481715602291,0.24891879322579039,-0.009976531834757123,0.043875788926106815,0.0,0.02604017558776472,0.724982024573258
-0.0,-0.16085552666165337,0.3021612759745763,0.13461573398715498,0.2835859900781392,-0.12952102685490663,0.0,0.0
0.21817287148230727,-0.5775693343413569,0.49875319735373874,-0.40283908852690326,-0.0,-0.05704642790214122,-0.10887753511992719,-0.9384296336477459
0.4742837827485097,0.25864255974704875,-0.0,0.020491052328360484,0.03461995538183524,-0.8616389871845131,0.0,0.4318708186021944
0.02248560803921044,-0.5652253307613796,-1.561298412124237,-0.5972309713522955,-0.0,0.0,0.0,0.22100851612158
-0.19537028745351753,0.6321627792451019,0.8210485758646685,0.28261562943797397,-0.0,0.0,0.26478946574149553,-0.09365089078467756
-0.05055799871717551,0.3398215113119898,0.22531238252591773,0.1833479862537846,0.1893203620744189,-0.5001129963213459,0.2804594566018377,1.0968597102419908
0.06536173500645556,0.12703158872380163,0.033214091452833196,-0.2012197888415213,-0.5276094308451327,-0.21132340072960118,-1.6709094415774064,0.5883732836156702
-0.8802717532223936,-0.9589498320759082,-0.03308575988978538,-0.0,-0.10878994211469628,0.18504095210036273,0.1951591071048648,0.0
-0.6478282336028671,-0.7564879584458996,-0.5929846359887805,-0.1917170366987644,-0.0,-0.014827185004103577,-0.0,0.0
0.4969334326696183,0.8076209746630307,-0.1865535692618116,-0.3439557468702338,0.4458701350462665,-0.0,-0.0,-0.0
0.36439545314174865,0.13707954920275411,0.1370795491915321,0.3217403276481843,0.39744962272392487,0.8187656811465102,0.8442505240066486,0.22788989323994235
0.05665376864215842,-0.0,-0.03454378313603387,0.24406513436148836,0.6485878494685097,0.37822711413256976,0.10908628642632592,0.1065923109002139
-0.08925210842366713,-0.17763676071001847,0.0,-0.010330377330799763,0.19791570649546894,0.7573150964386639,-0.0,0.0
0.5962318527416819,0.03697561858243128,0.0,0.025769823781881335,0.0,-0.0,-0.0,-0.0
-0.1604256821375062,0.19133803179233166,0.3004047345486026,-0.0,-0.0,0.0,0.0,0.0
0.6459174594707836,0.10797277950786353,0.10797277953347592,0.3233029647384617,0.003583003552402527,0.0,0.1322618208573277,0.7811723429471112
0.1623494033191,0.3395075046869611,0.31075739743846004,-0.05116288134188434,-0.2087246228939986,0.12169598395797618,0.5959007744045136,1.3327852968669849
0.0,0.5976887964978129,0.5219343262286547,-0.0,-0.5355543560408066,-0.1029381709159177,-0.0,0.0
0.0,0.49402357397264307,0.6048521735707177,0.07436824953955257,0.0,0.0,0.011667964304942838,-0.0
-0.2720483111808937,0.0,-0.09423119456444992,-0.08847894228777863,0.0,1.3328404109751844,1.3205108083994592,0.7935457087039076
-0.23471241195732157,0.27040819410803196,-0.0,0.05445261909564545,0.05283698820020188,0.0,0.0,0.0
0.5227408874273765,0.7731764217182112,0.0,-0.1942048251749122,0.0,0.1506628914566177,0.0,-1.0925904611337862
0.6194226810256459,0.6684137386278128,0.45862362843833687,0.038225992828336615,0.2443131090191852,0.6019926094389751,0.22005976326125942,0.2335391264236903
0.031123375670243116,0.0,-0.44354002817560795,-0.0,-0.0,-0.0,0.8948469741806224,0.2798058195292137
-0.12119171173275982,-0.13457075209944727,-0.00790572682432701,-0.7699818343771601,-0.16136067002036553,0.49003028883977284,-0.05239291642285782,-1.0175598030301014
0.31476558688039735,0.4274590478927941,0.29058479104403295,0.26480356256689236,0.18079103331953536,0.021911233300966924,0.7953287083233135,0.0
-0.36640943894601585,-0.3664094389561657,0.0,0.0,0.0,0.0,-0.0,-0.11558643663233141
0.2813713609148365,0.5198197919671667,0.3465249883396457,0.0,0.0,-0.0,0.2824957986611151,0.0013234616512656555
0.0,-0.0,-0.0,-0.0,0.06074052447040168,0.0,0.16872741984722717,0.16600296145108426
-0.0,0.0,0.08702879893360274,0.08056478220397961,-0.6977659627642875,0.2187444689727684,0.0,0.0
-0.7333882993186646,-0.3081841596393991,0.620202110455152,0.22688995385287364,-0.07469090912402723,-0.0,0.0,0.6275110667681595
-0.4093068943593469,-0.23007994665608986,0.09171186817948994,0.042770338002831955,0.24225517166322963,0.0,0.0,0.10935416245717683
0.041547676627904366,0.2938551623031603,0.028867096607908375,0.024376291433736385,0.2605657940059566,1.2478077347934369,0.8449917150499432,0.0
-0.3937644409693305,-0.5671787113292805,0.00015046496630916965,0.060175585041229274,-0.2980606313353276,-1.7456777974414421,-0.9433135986557242,-0.7482255727019442
-0.1087666976165928,0.0,0.14690430274144065,-0.016071606277313275,-0.0,-0.0,-0.0,-0.9055608249621246
-0.4472415987331963,0.23081015716711978,0.08750270729743133,-0.0,-0.0,0.37144833918022585,0.3660009452132386,0.0
-0.4997621333055926,0.2505158018493006,-0.4594952186822598,-0.24171153662041645,-0.5103924723212543,-0.8658615149184032,-0.7232784877649087,-0.06515511687510518
0.03352574908906964,-0.6073750745565396,-0.4625335717941036,0.0,0.0,0.0030365298581972277,0.0,0.45538280833761113
0.048753636482307294,0.43971787789855865,0.19638233994350177,0.006654460230189417,0.06575245608539683,-0.40629985476217206,-0.7437837004139394,-0.24090932367916373
-0.0,-0.0,0.11622985476312078,0.19839513442888312,0.2579568448582237,0.2665503118216079,-0.0,-0.15516643811723838
0.2837370452795704,-0.37330979395956765,-0.5192414802902868,-0.5555975205652368,-0.10553337338681378,-0.4574226923651158,-0.0824146723531943,0.01108733641480392
0.4974431579800453,0.47873692634625703,0.32866281011839776,0.5865768159759543,0.0,-0.6237373541397855,0.3312213043212529,0.0
0.30494373700488425,0.6523732532173945,1.090834219022939,0.06547497017592764,0.08816698196267149,0.29104421920620493,0.09816848240289038,-0.3139064612481932
0.3574234638151871,0.0,0.5248768001285025,0.06482773540741275,0.0,-0.0,0.22469371766651725,0.623444780098825
0.42682302052424115,0.10950086953345368,0.02197421527938445,0.004174400358699398,0.3864303814227045,0.0,0.0,-0.0
-0.23810218052453255,-0.2830237335868503,0.7592831709630553,0.0059814023005842045,0.004817274071088797,-0.024404614148186923,0.0,0.6946980128962071
-0.12146123511272827,0.6514775687830362,1.3429053326536966,0.5923083739156795,0.7156119416662328,0.8393216105728922,0.7274411178192496,-0.6725508193996631
-0.10844063884319848,-0.24622152576371745,-0.23649439106673834,-0.2422842708182316,0.0,0.0,-0.17157580711698894,-0.0
0.2625712772617177,-0.0,-0.0,0.11816041465539229,0.11816041466514202,0.0,0.0,-0.29042540772381664
-0.30821672384809856,-0.5247694896564057,-0.4923097239874246,-0.0,-0.6073328178139966,-0.24526012775542672,0.022593912963578034,-0.0
0.5282091653877776,0.09520393799620688,0.17837443532143848,0.0,0.0,0.015423096675534884,0.46430500209750997,0.48662260121287343
0.271479029430194,0.328556180642793,0.5495232384465384,0.07267392297205609,0.6914804889919182,-0.0,-0.8694972229307831,0.0
-0.017916085703727786,-0.017916085724794945,-0.02408616437981361,-0.3593170727146492,-0.30732085247435503,-0.12076830612745845,-0.8835142122796562,-1.541553921793256
-0.09852268223607022,0.0037223984582168664,0.5365968311870556,0.3044710226173574,0.3262455121703093,0.11340155321659462,-0.0,0.0
-0.0,0.10262643753460655,0.20029000545232453,0.191810759212127,0.4251607382270031,1.0712344242198473,0.17514417327123336,0.5121618835463162
0.0,0.0,0.0,0.0,-0.006128236491059007,0.5315150146731634,-0.0,-0.43246621547530534
0.6702269273375363,0.9999569160959135,0.07172158420977395,0.17557386743126024,0.0,0.0,0.0010209443427346364,0.0007644857331178398
0.1512077294239796,-0.0026547977499430265,-1.5442113725297768,-0.3460129455284177,-0.06986248164470502,0.0050816624145969096,0.010853844489855952,0.05573078121149923
-0.12152872147675031,-0.6270235077838606,0.2415667217507606,0.0,0.0,0.2868760984678744,-0.44051666628990765,-0.5329700039725314
0.31106241117177263,0.3506173551068468,-0.26429015769367753,0.0,0.08877634756409605,-0.0,-0.9115200221842125,-0.6028338918261926
0.1700154243551089,0.5562076772541085,0.7119635220775945,0.17906535820980413,-0.15454527709834212,0.0956946484871926,0.2584912735095957,0.0
-0.1087510178099017,-0.24697051554546084,-0.0011246515760468057,0.1391689776801358,0.0,0.00913043759957831,-0.13450006035956572,-0.1404601100640252
0.6095619529836449,0.421426910564726,0.8824578949863805,0.19250806465079465,0.028287954757509802,1.4098784468122518,0.0,-0.6714768604856195
0.15251803182784995,0.0,-0.9226009832226819,-0.6299564894431329,0.00718352071678781,-0.9319805312281648,-0.9370385209985801,-0.0
0.34195764068633516,0.6208809038698299,1.2330421968261984,0.3565474749170177,-0.27095280010121475,-0.0,-0.0,0.21582627311009753
0.5481709901017441,0.0,-1.0955121343266807,-0.3984437037649067,-0.5027743080457453,-1.7183629234943716,-1.5518114044097588,1.103752869285267
0.03402138023148429,0.41802077895088113,0.9521322343759172,0.0045693704371781675,0.12611379822210872,-0.0,0.19569960746018486,0.0
0.1275399839381757,-0.06088458354927655,-1.1926918513177853,-0.019307946167640266,-0.12845535731667188,0.44583442675417095,-0.0,-0.4780184627954861
0.0,-0.180798373238735,-0.31452092028388134,0.2944691976136948,0.31172528169055014,0.3459038191883576,0.339297704307662,0.33938009071117353
0.6584741972966544,-0.07617471293539217,-0.47569573532169773,-0.0,0.2589652056873979,-0.0,0.0,0.0
-0.10053442656138693,-0.20869953887537224,0.44296213699440706,0.08035662658108034,-0.0,-0.0,0.40113260515427446,-0.17748970948062076
0.27785208035677156,0.9626017940398921,0.3604250991994,-0.0,-0.32291605643537574,-0.8407081017183514,-0.02201211217664828,0.00013931235140806844
0.12205356416343989,0.3315665422398326,0.6018511814200801,-0.08735355174160571,-0.39662078794923306,0.24637856628502525,0.22499844616861936,0.22499844615225104
-0.08016108771676558,-0.24567660344540362,-0.3591534006948111,-0.35363072772890675,-0.38303146633012813,-0.0,0.09692928783939808,1.3567599864706643
0.21473156833929902,0.0005036630895499549,0.00031519353132448204,0.4869366701484644,0.4869366701813745,0.5098641320647673,0.2654580369184829,0.0
-0.4716654794847226,-0.009920089538278021,-0.0,0.23300878652742762,0.39393379706341825,0.0,0.12522947267443837,0.1613424969315068
-0.4739944689421854,-0.5214241376693663,0.28391045303202117,-0.0021000577052285,-0.3810893043084434,0.0,-0.0037244954160169518,0.0
0.02484753619885329,-0.0,0.0,0.4114211176529716,1.205052805462301,0.06853327028140432,0.002835702359232579,0.023217455361527608
-0.3474499297967802,-0.4671006399804534,0.0,0.0,0.08118658746814636,0.0,-0.0,-0.0
-0.37546888784799054,0.47608922340212867,1.0104494788257092,-0.1436113799677961,-0.002972568504236884,0.19228791786795965,-0.6257034104178137,0.8482782781386664
0.05624488190573885,0.05624488189272927,0.49603820380805874,0.08044757533131976,0.0006365769756137415,0.0,0.00025830435814730305,0.0
0.5299440301701123,0.6578810995847656,-0.0,-0.0,-1.146453101424822,-2.976534450729049,-1.482917209468227,-1.0790335162722677
0.1488596781680611,-0.22247999571232116,-0.4173831915379868,-0.006920867691349612,0.110874601045907,1.1355691393657241,0.11895213152980164,-0.0
0.18307776138906318,0.6483142277280813,0.3384563662709251,0.0,0.5560408459373102,0.5151000111988789,0.07981764560176342,0.0
-0.24310246644247518,-0.0,0.135257121396535,0.11514064434674097,-0.09687635994335488,-0.1560811258367223,-0.3515829479814892,-0.658338913671666
-0.5461181404771809,-1.0354307235164104,0.2893347970214077,-0.0007392660957916048,-0.2221300364256458,-0.23453280817302052,-0.6572243725787448,-0.8647696152598892
0.10620981965198455,0.3974654619129145,-0.004859041946783798,0.3161195345523256,0.3871394816533907,0.0,0.3324696770936313,0.11009051309343636
-0.036167467962322085,-0.23197375617265498,-0.3366436391867145,0.16621466523470413,0.2925207327430335,-0.007963616261635593,-0.5721370714605765,-0.6399150356144652
-0.4367009900887015,0.17459692564093363,0.5841391032748405,0.35585119890206907,0.09913940194919493,0.20202150697157495,0.08796501393169753,-0.7157131077958472
0.46584330708218097,0.15965790789088796,-0.0,-0.29617334746200924,-0.2968800767786967,-0.0,0.0,0.5742424939064372
-0.10376439363300924,-0.09907802848336004,-0.7949382896587358,0.2505317327372323,-0.12124635504619176,-0.25084772948413936,-0.0,0.09497349680984297
-0.2590807730836315,-0.23016246923219646,0.010291208359533625,0.10547264190197635,-0.0,-0.0,0.0,-0.00757350267742567
-1.691772791922898,-2.057118323521592,-0.6565098598710952,-0.25807173713712583,-0.0,0.2312749408031734,0.7931417016650529,0.0
0.08397513864230216,-0.9801435933438385,-0.8358646878097468,0.0016576489478920464,0.3668331614058448,-0.34157298444768436,-0.34076265571716585,-0.12504170830087566
0.3494967547900381,0.5861639974666766,0.8680363817286982,0.03222537180359153,0.0,-0.0,0.0,0.07888781108764473
0.22324931920042382,-0.0,0.8743646198540359,0.7339122738005563,0.8285161050752401,0.8285169057320174,0.10837189610533476,0.0
-0.12251701231307896,0.9394717404800443,-0.0,-0.0,-0.0,0.5719026451553121,0.4029783210816791,0.0
-0.47232571668142426,-0.617545309337925,0.03812236342588502,-0.0,0.5287246375025617,-0.0,-0.0,-0.0
0.37088467377198325,-0.7525223887580973,-1.0649387395383259,0.22918204985114002,0.44019511457385574,0.4465419825444391,-0.0,-1.2595111698355912
-0.11941659786481226,-0.43740023923047966,0.0019696056079141597,-0.0,0.031461972676306016,-0.0,0.0,0.8658895320663129
-0.9616741159952078,-1.0589820703745185,0.03053624480609364,0.0,0.42479804922028297,-0.0016328720685650643,-1.4778445414770327,0.2903974970825379
0.3382014335678072,0.04038109566716824,0.00396845578401707,0.0,-0.0034433769806545803,-0.0,0.577875250119734,0.10416090318821793
-0.1137754405975863,-0.11992268875792947,0.07983311583767212,0.09424409203462308,0.22608817738155215,-0.3174711928014753,-1.1412967643606318,0.0
-0.0,0.1658337719452537,0.12758595018537675,0.28589584932964013,0.004603248857854185,-0.0,0.36446538886346597,0.20043202642462807
-1.0856298950541796,-1.651109247296168,-0.17546955658461047,0.06868734557228677,-0.006862700398197663,0.5994648290750924,0.0,-0.0
-0.005701841192310676,-0.5131874285780605,-0.0,0.19101679231853877,0.10146998414045373,0.10076557689775437,-0.7260313259818213,-0.7396372788775638
0.41224714626315945,1.5543981538314529,0.0019697449106084943,0.06862787840352554,0.07598255291174315,-0.0,-0.012577423907951473,-1.082380487646814
0.4456703479539447,0.03634218533913416,0.0,0.5082292200255422,0.2247348892149126,-0.0,0.011300986139907664,0.12768708156826367
0.10934689264763797,-0.2605584023792154,-0.6819600333579658,-0.022233639536910973,-0.2466072525655944,-1.611368864571972,0.0,-0.0
-0.22587052920533784,0.0,-0.0014361625787704853,-0.0339743524171127,-0.034271701458833084,0.9416263627866684,0.5865517517511629,-0.13585775331928218
-0.0,-0.471012473590651,0.09864142659611497,-0.2625373956862989,-0.2629866356928308,-0.2558657109018207,-0.23833471611247353,-0.17435843939376813
0.8148174395617704,0.2069172113356513,0.2197307160325216,0.44969166905848906,0.2539170494632092,0.0011858029172934262,0.0,0.0
1.0693482923282054,0.2285352028030695,0.513407259929584,0.7268959791122919,0.24022418544690768,-0.0,-0.010637716948567768,0.12409218164973333
-0.15920322448700108,-0.15874822718283196,-0.20307487335169908,-0.16817484243739142,0.1594220191927921,0.0,0.0072577635942450355,0.0
-0.2899403337633079,0.0,0.0,0.13586329744291653,-0.2014357452914442,0.0,0.7450037702214707,0.01532113119743443
0.29007157287682694,0.0,0.4805987910965593,0.0,0.0,0.0,0.0,0.0
-0.16372919325650834,-0.033835872856595624,0.10593012466996672,0.10593012464081657,0.4551712977837483,0.05003597290393154,-0.010294148712589903,-0.0
0.5423289978329157,0.37687062181977354,0.09538973561636259,0.10610685137421635,0.19265159597444745,0.0,0.0,0.0
0.07708695445807144,-0.0,-0.22445066028846672,-0.45529849877500017,-0.18647746810768645,-0.0,-0.31030775738969446,0.32099471815033376
-0.10150960014897047,-0.6749604776886877,0.14933548108269057,-0.23200312117296995,-0.5204742973193506,-0.25724010976855216,0.0,-0.417851646826169
-0.9824388251852562,-0.20142104426091267,0.10810240384460104,-0.5183725373109411,0.0006606080563336388,-0.749923473530988,-1.8273988793149458,0.0
0.19594104387888123,0.0997872571318898,0.0,-0.30184618264397184,0.41397083599323664,-0.0,0.0015850053616693778,0.004844604777530747
0.5348238848678686,0.5667068709465551,0.9588393091715868,0.0,0.0,0.1687712732194483,0.16877127321641552,0.4952530226122963
0.24327592076887594,-0.01652306103638408,0.23093024083139096,0.3675569532197064,-0.0,0.18914126827298952,0.3877956875817228,-1.0149507627283276
-1.7437433893296086,-1.2602739875524454,0.6732185959779025,0.001263865577042413,0.14805830353824,0.5273644929590532,0.011983957412261752,0.0
-1.1020487289525214,-0.0683363289913573,-0.9158993064410051,-0.5438256325722814,-0.8897884628144281,-0.1767397644978578,-0.0014397416441447534,-0.04316652812718874
-0.10105301227886358,-0.09036474786900986,0.02123549211301246,-0.176164581881212,-0.13987325920720176,-0.08794978112265879,1.381890928368234,-0.20868672821808518
0.06953255551301263,0.07236695441761926,0.0737145803128118,0.22703248621544814,0.29574774022789807,0.10958145397322035,0.2586608112342478,0.9460601969681701
0.7718945818482147,0.6308985700314361,0.4850355080928729,0.0,-0.5460650046163619,-0.19343735088855304,0.8939469503083878,-0.0
0.23803182404459441,-0.0,-0.9811831862258537,0.5882746970176106,0.5882746970141767,0.2382806958423126,0.7828903905214724,0.7994216440500341
0.34097848838538775,-1.15540534530315,-0.6518207032025186,-0.40304725662949065,-0.0,1.0350640978800312,0.5474414729385942,0.49579406683824795
-0.007754185492211382,0.0,-0.0,-0.00347039223683206,-0.0035625525385570406,0.0,0.2281677073425347,0.40818548069241334
0.0,0.0,-0.7994361212122315,0.0,0.320872942371035,-1.6310977559296014,-0.16593143555935969,0.0
0.0,0.06703672935177873,0.32910593986952874,0.3360116582794777,0.338468080826648,0.009858417073976314,-0.0,0.2069623123619629
-0.23374534718505677,-0.18633820507121568,-0.0,0.14544569734271562,-0.0,0.9414556764490424,0.25206865648406573,-0.1394061137922592
0.4048154529615611,0.0,0.0,-0.0,-0.53045341040327,-0.7737989507962567,-0.3317119634897802,0.7347269864897774
-0.20703339404745014,-0.35154919949120156,0.3424052786711804,0.15018587773255235,0.29693834643784456,-0.02351862893301541,-0.0053969239108328645,0.35642862394685193
0.2963343067744354,-0.7562800569361623,-1.3527854045923249,0.0,0.003686679864875357,0.005313736061259158,0.030215012824671546,0.4026543385217246
-0.0,0.22384315716961742,0.23432378339754945,0.3057922810096787,0.0,0.0,0.7775386810699846,0.0
0.172187476765911,-0.09617112471684255,-0.17396490215712226,0.0,0.1516412294494991,0.3355486111108744,-0.2779442259082204,-0.5306248238136907
0.1655400062509648,-0.7344564077787838,0.14593288152057365,0.25837440544821594,-0.0,-0.0,-0.0,0.846885634773861
-1.4978284850649537,-2.1367226509260133,-0.9317608704663676,-0.05077320205044184,0.3622075372110509,-1.0516417605314101,-1.1092948347756888,0.047601122509347296
0.2703573006077018,0.2012838879811362,-0.4199350740385042,-0.09263361388370776,0.2462068218862462,-0.002057975312339208,0.16859074885892594,0.17790391818332493
-0.026073038650605097,0.23284411989745554,-0.0,0.08879124397028017,0.0,0.0,-0.0,0.0
-0.8254491002902015,1.3926725538887528,0.20806020919054968,0.12458458668284912,0.004077810865008936,0.6222667088467077,0.05206253582829235,0.0
-0.6422694165203182,-1.1391023315607733,0.15514561733299187,0.09563822839050796,0.024878338261927486,0.00365900409435315,0.003659004115438477,0.0
0.74787254071368,-0.4675716658944764,-0.29122275351403015,-0.575111219431132,-0.0,-0.0,-0.4312916276565823,-0.6528900837170765
-0.3244708386463982,0.9412439440846225,-0.0,-0.22546354215331676,-0.5279038575255186,-0.3169136812574785,-0.311620021590081,-0.7818520800638102
0.3078241196545882,-0.0,0.1326416291400057,-0.23770573470911474,0.0,-0.0729075323002551,0.2001518598379428,0.4408730660754226
-0.18892977367347108,-0.2724958805268357,-0.028914739422035294,0.26400741767216157,0.2561656664330789,-0.0,0.0,0.0
-0.9859506808911827,-0.0,-0.0005351473568240615,-0.000535147377083519,0.06402100424629693,0.44496153006248423,0.0,0.0
0.03395827716228903,0.2644079968054099,0.6340318063444189,0.2409390484213116,0.028305142621487252,0.0,0.0,-0.8747992963831238
0.8102201946216038,1.0370654256286926,-0.6479017753924052,-0.0,0.2989176230225875,-0.0,0.919571539816148,0.34128371578790395
0.9617871202095457,1.333292473398861,0.7339296427447424,0.1387607961132265,0.0014394497458169175,0.0006812443899106001,0.0,0.0
0.2378024818312686,-0.09566411314445532,-0.8997382242285558,-0.005785525945246227,-6.174144217507793e-6,-0.08037379504083886,-0.27281412116313614,-0.49832930228893396
0.2610067592702291,-0.0,-0.2375285646835569,-0.0,-0.05917248057647507,0.0,0.0,-0.0
-0.7125812145112785,-0.4549573948695299,-0.16302776246757528,-0.3402335324220251,-0.25261172054045306,-0.010218826823096395,0.16745711909173813,-0.21312103148636866
0.2070476186183779,0.06356416635482098,-1.4539010161047492,0.03492658912074939,-0.0,-0.0,0.35677696807115933,0.6782620641916765
0.1285085194304288,0.7381221111768895,-0.31603952929606033,-0.9841277024193981,-0.889325036383676,-1.427645244095991,0.6269258751112198,0.0
0.1554800066554603,-0.1685625051793258,0.07918903571096994,0.0,0.0,0.22299743060058852,0.020891642715788434,-0.9009603885220855
-0.48426239052465264,-0.0,-0.7130379645452237,-0.1169987120958135,0.35515690233392444,0.15117127197370017,0.1529837535384521,0.15543852687346552
-0.983225062135863,-0.6361413936442113,0.6115401855984762,-0.0,-0.0,-0.0,0.11869673843491917,0.0
0.49309252523591945,-0.0029002828653655246,-0.22144051967730968,-0.11528431717754778,0.21939868843987237,-0.0,-0.13495252575605457,-0.872039900600166
-0.07323702000741748,0.5789739169005071,-0.0016170969560981127,-0.2540490574279185,0.0,0.02624296152484499,0.4216471197728004,-0.4518571559035698
0.009126940908990133,-0.44840940058792333,0.0,0.1377887826115823,0.0,-0.0026406195421452548,-0.0,0.002811990286715603
-1.18455452680495,-0.5079852630918772,0.801816394246971,0.15206196548527123,0.33977586927869124,0.16030249162229437,0.19505815986119748,-0.0007859474602017008
0.5511210881726458,0.4787011227267944,0.5224556976063764,0.38029238268481125,0.32681113043371296,0.0,0.21460777758817998,0.6219564973187207
0.4232548092052474,0.12481605070775663,0.18492915846420593,0.19616213128162743,0.05228914975102643,0.05593342703366272,0.687497820481074,0.0
-0.950252179888561,-0.8838442341151194,-1.133048401901961,-0.48282300184578847,-0.038940399875053364,-0.39943400385048017,0.0,-0.6813570903400826
0.0,0.2293100484318411,0.09166725911783707,0.08992651571845604,-0.022395849351465883,-0.02858976982820594,0.29078241445845143,0.435548118302356
0.0,0.38192755905878367,0.0,-0.0,-0.0,0.019609357314401152,0.005458541703434567,-0.18011187426903044
-0.2527993961709783,0.6711271520241249,0.10713170606944855,0.08879115171070506,-0.16380087225813708,-0.18818908125022843,-0.0,-0.00033360577466679474
-0.11360560748600607,0.23441128569544034,1.0147478847727855,0.21433406659005155,0.6717453799434677,-0.24715704072509892,0.0,0.7600177817663146
0.24962889834582008,0.2708422838078544,0.0,0.0,0.0,0.0,-0.0,-0.0
0.02004574312069439,-0.0,0.644734398687807,0.0,0.441751436809033,0.0,0.002003284653436091,0.7312123620127028
-0.2276564586709561,-0.20163733566051686,-0.07767119994264475,-0.9218352314486565,-0.13085479411929773,0.01608246981457166,-0.45171889228449147,0.0
-1.4076452150054812,-0.6628590881928091,-1.0236625835432094,-0.0,-0.0,0.17161629326108882,0.0,-0.0
0.16947370331556522,0.045661140155179185,-0.541545933453544,-0.0,0.0,-0.0030248794674856304,-0.007783035657379084,-0.0
0.0,0.20745115725065028,0.23051930527950457,0.024106547561868127,0.02493870181890096,0.0,0.0,0.0
-0.30978238215752313,0.43585186311846696,0.8222856249354175,-0.11495680882404574,0.1746111261509849,0.0,0.17170701232158575,0.09025784947227256
0.5067152047670236,0.318190338588186,0.715089677394563,-0.2373462009823553,-0.042437395430616906,-0.8656407319743362,0.0,0.0
0.09021318092733727,1.6509666233465479,-0.09369303890959953,0.0,-0.44120173468803725,-0.37783770079114054,-0.23895396853101467,-0.5287793997693212
-0.7839473047811784,-0.08674609496347223,-0.7978799083026462,0.0,-0.1971164580610811,-1.792395320612867,0.2621943341082824,0.21361319668500714
0.3779108634972574,0.5168891482167773,0.5233423689627169,-0.30914279446874937,-0.0,0.10296475566029666,0.0,0.0
-1.5289285459678852,-0.3338417951030921,-1.0411004600256972,-0.6360708566352298,-1.096619110615507,0.18245553784477378,0.08963315999550549,0.6323802237506604
-0.16032032118810574,-0.20303318198863202,-0.41163146073617046,-0.1958261193879461,0.0,-0.2593993413912185,-1.1213504991505328,-1.4406215911553029
0.0,1.1441245062295882,-0.27971898058830846,-0.4047795407859821,-0.0,-0.1586664327068145,0.00892004814111948,-0.0
0.20002332741158957,0.23332056222584643,0.0073989940838439655,-0.4976729990763602,-1.2955834200292828,-1.0587201241821218,-0.0,-0.7041850312058197
-0.22025529965965643,-0.3102125831856419,-0.7222565452507518,-0.9479400449802176,0.4829780496163731,0.027672835675257603,-0.13463604664375817,-1.1893403650188576
0.18542131764191402,0.7910205493487305,0.3360829841281627,-0.0,0.0,0.0,0.0,0.0
-0.0,0.1564743811762702,0.5547257725648616,0.5556224566089665,0.021060660398134944,-1.4439076986881376,-0.5637318548932205,-0.24669414063563447
0.21131038985427716,0.2558102237047256,0.25938010565809144,0.3649180092774241,0.20591929445527316,0.7649274865113235,0.804235520303559,0.7315420696886792
-0.30640271073986597,-0.39086897763719963,-0.02310271830919586,-0.23822713477212493,-0.3490258317793938,-0.33027778883334347,-0.013639895849877072,-0.027507050744806916
0.22337961586612792,-0.16975125062075627,-0.2233675292382688,-1.204170770892896,-0.9850007042655011,-0.0,-0.44401381263208956,-0.4997667616697974
0.5509612433068498,0.025010579755258024,-0.02002769202429304,-0.22404854848944625,-0.20968312888416085,-1.379036781397329,-1.7845297667066742,-0.25967146875003694
0.742340624993582,0.9992994663699417,0.9363771401483343,0.02150636774976061,0.009428670129145885,-0.06854485009242785,0.0,0.26361952928248233
-0.0,0.518268779809276,0.10554159958412443,-0.0,-0.48501256080025323,-0.3699352940190322,-0.0,0.30634121883786525
0.08091577218740256,0.626944729846996,0.0,0.0,0.29012404788966056,-0.0,0.0,0.5091475394107057
0.7626476396658649,-0.5129710353122716,-0.6044915568639623,-0.5614051593481303,-0.2184813367541856,-0.9669326386014332,-1.1533284791462153,0.16213606496285304
-0.5907155577426106,-0.1532313614693599,0.13283653027112644,0.24103005293692278,-0.012093682314323867,0.0,0.1572001886559547,0.23939112457004097
0.0,-0.0,-0.3545263807813624,0.30693237853642447,0.1497390739336822,0.0,-0.3192384710264057,-0.0
0.7104311409411175,0.4060079255291624,0.7366707203265108,0.0,0.0,0.010534687268175432,0.0,0.7466970203410022
0.5209622171638096,0.11277347956570764,-0.3471525391251636,-0.2843689733373034,-0.9715893377476028,-0.994139364986419,-1.1935517981722876,-0.6663814153526899
0.5659553597254321,0.3686944699550011,0.8799920098662769,0.05651799193343691,-0.36478952218040034,-0.16114227793277144,0.0,0.9215324531833469
0.0,1.1126520972595726,0.062383680369914214,0.0,0.30341086748963536,-0.0,-0.055840972656069195,-0.9028469818173789
0.16869512278167242,1.266913178079305,0.6493438815443205,-0.22662436136666939,-0.19767813540806567,-0.0,0.35419396778190715,0.43485801916163463
0.019675612420960175,-0.5622308282921564,-0.9138535119935041,-0.4853351863356452,-0.484748329340696,-0.9231027774083466,-0.5690741435644737,-1.5028052567278722
-0.012080348348817662,0.5269296368394125,0.49787004945205754,0.0,-0.0,-0.0,0.0,0.42095460602575624
0.4911899732787844,0.7170341683625262,0.4095303961179493,0.5554472105213549,0.5554472105025507,0.6889377547817235,0.27743721205898125,0.27390982026825267
-0.25703801038725094,-0.19054572009103857,-0.6226942230018979,-0.6161476083564308,-0.41878204583992057,-0.035176321367473964,-0.48890722250089663,-0.30822088954961835
0.6212062283955855,0.07083748732957862,0.5725657855573173,0.26890130412198837,0.0,-0.0,-0.0,-0.281951961482813
0.1634280612428475,-0.08779529314305468,0.062584624565273,0.0,-0.28864609469543584,-0.22941150662350143,0.1747559063845353,0.0
0.7903293188097438,0.2547828930440002,-0.931924088382529,-0.13448380757897485,-0.5532174578435433,-0.13303104724805423,0.12580734143987257,0.0
0.0,0.051053043713791796,-0.15940371872155115,-0.018097802850492395,-0.22238446114080387,0.0,0.042672433292844834,0.011780073916719477
0.03280334863306288,-0.45972956821283667,-0.6116722851195884,0.0,0.4035487918164461,0.40153577432952914,0.00013975951464338454,0.0
-0.09947630003371517,-0.0,0.0,0.27511723385032766,0.1125638456123482,0.02538788948900627,0.014649150205600573,0.21218726469755833
0.03099599045989476,0.0585591295716176,-0.5487041263127834,-0.2615061130502346,-0.10302606307468487,-1.239093165783945,0.03470795365154403,0.5302359256957377
0.2043959214536545,-0.7698761002694102,-0.05662536284168736,-0.5503002988081167,-0.4336623871406608,-0.4169319521267606,-0.3749272904635556,-0.2349595210971694
-0.15512053306323012,-0.18959675475209822,-0.15654284926499096,-0.6648916753564806,-0.45521409119771855,-0.0,-0.0,-1.2878316348520782
0.2956504179816485,-1.4152697712683633,-0.8970771265394994,-0.3266852979838655,-0.0964624774836107,-1.281778369488175,-1.7224402024922068,-0.6027501189237598
-0.07461097966440486,-0.6551217694936634,-0.9488261359721114,-0.7799801032667077,0.15023305989190047,-0.13685783877539365,-2.2085915466529595,-1.3584948692242194
-0.5123450621824445,0.606571202333069,-0.17646818135677717,-0.2875048259127801,0.00648494888609177,0.05401795443750957,-0.0,-1.9973602432750048
-0.29038667839258164,-0.6606043154324095,-0.12480826630151595,-0.1292208769414702,0.45579504932750053,0.06684891002945345,-0.2563409854950783,-0.09487900179917352
-0.3030275210585761,0.31028694386635747,0.05153456538961917,0.5922923983790205,0.39213949730907205,1.4753442157647139,0.3278226463888996,0.0
-0.2778531167327893,-0.7653873037726768,-0.045372523014165264,-0.12774363875744746,-0.12455606727639229,-0.13880665973552442,-0.16510614633918563,-0.9516048674070431
-0.0,-0.3103805632226689,-0.2854123801201237,-0.015481279285017014,0.0,-0.7750866961895163,-1.165463085012618,-0.4355593182738682
-0.4677901481347524,-0.0033825070832726348,-0.0033825070954349905,-0.0036177512112497163,-0.12880002835163376,-0.0,-0.00040944960669216796,-0.2549728939082616
-0.19390521407177716,-0.6794779783086837,-0.5721539904202655,0.20111904589789337,0.0,0.0,0.006628393251782437,-0.16102471744332242
0.0,0.09128031062944053,-0.0,0.0,0.3017795669292839,0.613533050824752,0.0,0.0
0.0,0.1060639494305262,-0.5177950402627993,0.004706401624770482,0.523893323264227,0.0,-0.0,-0.0
-0.14090842757325106,-0.44884726629777216,-0.0,-0.0,-0.462131075864032,-0.0,-0.0,0.6902453726455616
0.3578333399282762,-0.13035349662895232,-0.0,0.0,0.05770386718145881,0.4263603982039338,0.0,0.0
0.47802790319624144,0.6870139180590443,0.16940166481038765,0.2482072608417575,0.3406263289477222,0.8435033299635766,0.4678531244917595,-0.0
