0.3541729876781322,0.010198236445763342,0.22337403243422327,-0.9474875761365306,-0.10623138721758169,0.10229491797397168,-0.016844922898425915
-0.05345868619967692,0.3751136347391067,0.0,0.3857515744290506,-0.7634087901548566,0.4942314323415547,-0.2556062480895721
-0.23787649080395784,0.23932341348594136,0.2606206655529671,-0.2606206655529671,0.0,0.0,-0.0003638812304970962
-0.3146047161905585,0.048006338972091445,0.31556376227628635,0.11256102045933986,0.0,0.0,0.0
-0.33171415647424063,-0.08254983110521902,-0.35955085327871417,0.25376352701747157,-0.36558833327926743,0.07913423627228824,0.5636560001409591
-0.6955603173032705,-0.17291487495496605,0.40367630521028924,-3.197061860304995e-6,0.3843370259993877,-0.008191946122301785,0.5667240798121814
-0.06019312257571585,-0.4124851862694639,0.04099844175297722,0.05669487632218223,0.573040685475985,-0.6393475893129034,0.03778933954473749
-0.496154137223717,0.0,-0.061312340524598455,0.05309672418555243,0.008215616339046022,0.0,0.19454851718992416
-0.08969299302061777,0.10984802402853229,-0.10984802402853229,0.6018587901119872,0.4498655360122694,-1.0517243261242566,0.0
-0.4557325074052968,0.4490912626666579,0.30963944504193347,0.016005274754117775,0.03364288806900395,-0.29082535576490376,0.18282146047610928
-0.13928227514012181,-0.13140771871737789,-0.46901051814130945,-0.21697393318947236,0.16860405339825907,0.0,0.0
-0.46680487054845,0.056745561230036795,0.18046697799044908,0.0,-0.22395449745979013,0.06196830912286372,0.1619861883369264
-0.20237115344348644,0.1212286281698505,0.0,0.0,-0.8096046455599971,0.6898691160758348,-0.008203207193470619
-0.7648350403843879,0.8333622099933357,-0.0059237312555147775,-0.11186331810819675,0.16100851253888884,0.008656751101105184,-0.0006805689970865074
-0.30655455091618794,1.2105793648879848,-0.5088565832934145,-0.009442765676444219,-0.1280702276571625,-0.6464087068424571,0.43844925250301536
0.3450318844954435,0.007535295896380134,-0.18192593179840416,-0.04330512408270121,0.21815586936451792,-0.33519735758885955,0.07828131765528783
-0.25426562542655423,0.30451252936512235,-0.6212076260883448,0.17634220650255095,-0.0013296614913546403,-0.016130738285280125,0.19256722091635753
-0.3168693271963074,0.31969113925282006,-0.08781803547327124,-0.1938164998520465,1.5072875137357953e-9,0.5568555521380163,-0.12325150579142435
0.315604000989186,-0.3093786355877249,-0.06439250636712662,0.34092583681556055,0.005273129840191126,-0.42951408469221974,-0.20032248611483405
-0.08990168682260712,-0.11772172624218351,0.2602055006662964,-0.2602055006662964,-0.39942423158703694,0.9082463972932329,-0.5088221657061959
-0.4221861892954855,0.05666534174093406,-1.1672433852805142e-11,-0.056665341729261624,-0.619642038584011,-1.3311895016185167,1.953386886948668
0.03713007319582645,0.31641630545855315,-0.2764194812616855,-0.12156522171771134,0.6704630537506924,0.004156524771765396,-0.1602880658329689
-0.35694895048265446,-1.1716042014235648,1.9747714349498586,0.0741031904344619,-0.7352195579529684,0.0,0.0
-0.11956250137934796,0.23615434914633968,-0.2545936819746036,0.0,0.466280206554937,-0.466280206554937,0.0
-0.236046248894227,-0.5407939599858222,0.4627742935449959,0.0,0.0,-0.36717665989146436,0.36717665989146436
0.3467501821126775,-0.3467501821126775,-0.16488868807252946,0.16488868807252946,0.6999099063803816,-0.6976757467670197,-0.08255078934623021
0.777975812642464,1.0232850217514602,-0.5392638498304504,-0.22004846510504267,0.0006011554691743859,0.3030606426644908,0.08548853332036718
-0.47430277510563285,0.00026313947544709393,0.5642806114157921,0.26301906319358853,0.01855312323368816,0.2499116105981952,-0.26846473383188335
0.3965012812982338,-0.07776541834637936,-0.0015461566292994389,-0.0032317217647293284,0.2750877059385345,-0.1433847544600631,0.0
-0.1503557312767926,-0.10104474381521407,0.3563393595002774,-0.4470895986007145,0.1917949829156512,0.0,0.4903516631589468
0.3253565616213204,0.3108378505690053,-0.26000200470030466,0.44697982016658466,0.4819663866679473,-0.6232360259809314,0.1412696393129841
0.20753595542046538,0.1640721330999774,-0.16982900736839368,0.08365542288045819,1.2157805624761293,-1.000834800681388,0.00036635638371312895
0.40075047417360715,0.0,0.0,0.0,0.0,0.0,0.0
-0.2012081972316847,0.36850454972663943,-0.1340674760197875,0.2423825263395712,-0.11381287606471323,-1.142454154647971,1.7700951906145932
0.052962405426065104,-0.041952938751092274,0.2248096347405274,-0.10751161334763884,1.110507882846102,-0.4627167063165213,-0.776098664597442
0.002330999619973559,-0.38953397124907185,0.33471160450052684,-0.0496418078601145,0.1521716834333043,0.008574668261801033,-0.012398760816131532
-0.16815986104795663,0.40152255056529146,0.0,0.16898452608455042,0.07261476164829125,-0.005263818213385479,-0.2363354695194562
0.09693613866209128,-0.42947035937954314,-0.005450522994202789,0.058887165848037826,0.27909757786361683,-0.391204743474945,0.391204743474945
0.48972070642369253,0.0,0.0,-0.0074335110056435935,0.0074335110056435935,0.8232786796492062,-0.8232786796492062
0.9019280746497889,-0.07069839291502888,-0.7120374711608262,-0.008778235095805664,-0.43363516759712434,0.15261152516602103,0.1671699566660852
-0.11757866979875903,0.6002000040959156,-0.2651174675859826,-0.21417662030776013,0.5221515685674196,0.025674927457709273,-0.0026292466772895873
0.01663517737154785,-0.6020391390831309,0.07641424747840686,0.16538188373060822,-0.13026233830719885,-0.0008032624618399061,-0.7152187599499372
0.5541325203295052,0.7910623023462254,-1.133074544395895,-0.361033368708867,0.2286737557710989,0.7944873244632852,-0.00029703699495753355
0.05311855173459144,0.27915715364547056,-0.38645640675655435,0.0,0.03200801956284013,-0.03200801956284013,0.0
-0.11958096936874765,0.0,-0.4898728705452278,0.496520976185368,-0.006648105640140204,-0.005922428100862939,0.005922428100862939
-0.29338201414717224,0.048098299336394534,0.40391759768730373,0.27896525703367997,-0.0430717768730771,0.0014880106681087525,0.4271107743311777
1.9706625220550222e-11,0.23926218495004511,0.794361971320613,-0.5299031605349369,-0.26445881078567607,-0.17065829923299933,0.17065829923299933
-0.08788348259295505,0.16515227966482904,-0.17568669025617156,0.0,0.0,-0.31346536803343517,0.31346536803343517
-0.10448252697336868,0.4328166804439881,0.15079525413364378,-0.3119486930560531,0.3289107934623916,-0.017057004784778965,0.22744786182794724
0.41853636208110445,-0.4655777706339413,0.0,-0.2574535843886325,0.24947492393666518,0.3679343103314118,-0.8222424746461586
0.12218361973354674,-0.1527778624100574,0.2651181187644438,4.721556479125866e-12,-0.28631795261526577,0.0,0.0
0.10341223797672848,-0.02352761356191073,-0.07988462441481775,0.0,0.1539523604117015,-0.008828009254622765,-7.922961034415033e-5
-0.6773408499460655,-0.3636406280329635,0.23394308659102456,0.0,-0.30267094863150773,0.30267094863150773,0.4617292874442847
-0.08569238402136618,0.0,0.142450808201147,-0.042623222555842305,9.781035184203146e-5,-0.11294277733713597,0.013017381339989238
-0.31688102450125183,-0.0993133293654817,-0.3067049334430252,-0.4487477793387807,0.729085701916125,0.17102551624273038,-0.12042429221340262
0.010002702028077503,0.2280395982896475,-0.13530190785274027,2.6416410725538242e-11,0.0800946802260962,-0.0035704103036353074,0.13883940433144715
-0.0189849826545507,0.4393089615597966,-0.38179538355243287,-0.026332678282815422,1.3302720873284855,-0.3617646136975794,-0.3563749994482568
-0.13849152614830923,0.07218516019118298,-0.061760979817175876,0.2387508456233459,0.1546956691920224,0.013737789664506386,0.0
0.05900143723867651,0.0017247478750059544,-0.0017247478750059544,-0.11330661003362429,0.11330661003362429,0.0,0.0
-0.02338395787547065,0.559647888899469,-0.8350917191427113,0.00039489845176482463,-0.22275310455179537,0.005520076642761788,-0.005520076642761788
-0.12724042427308047,0.1683103591826432,0.20071892480423226,0.4050973186484574,-0.28212264972610346,0.159206709146384,0.0014349265261852729
1.0807199607552929,0.7631565820883858,-1.5182625118343722,-0.19918917309583395,0.7186135475061769,-0.04648990071934275,0.054363994344495424
-0.39964491687067083,0.23948832497248418,1.9570647717074947,-0.5957801072814938,2.0711326176782086,0.03250282033614216,-0.49912920772017855
-0.03882695754175308,-0.2403586614688351,0.3790139245216135,-0.09382196016219757,-0.3771495168775671,0.008765309848399239,-0.34942439390336455
-0.21816672576816565,-0.47011519636694943,-0.014569683734205433,-0.09517683101512193,0.003675102738596683,-0.24951579511972818,-0.7492282363798843
-1.0349103660044316,0.4028776074005888,-0.1354288495839761,-0.23373248642534994,1.2250466350403675,-0.3313937628208943,-0.893547413058755
-0.5265679922637718,0.6645854706997696,0.2803145540443086,-0.0966727213095524,-0.1836418327347562,0.0,0.0
-0.28376500828316065,0.17592515788271154,0.0,0.0,0.008985791588420533,-0.008985791588420533,0.0
-0.43046159064102907,0.1201293222723658,-0.11836907468522183,0.1438314437132458,0.0,0.0,0.0
-0.3924900782024845,-0.4421254362038297,0.5116341243669237,-0.3267510148113263,0.19344169427848398,-0.19344169427848398,0.0
-0.02806935840348808,0.08441269418844645,-0.010780705033044742,0.008124028199766018,0.02360993213649661,0.0,-0.04087720887857537
-0.20328653904025273,-0.5651174389440451,0.43882408122668837,-0.3594022746071079,0.08316461960166131,-0.31330942167166,-0.7198186259818217
-0.38570949117142983,0.20744534862558522,0.3445198565447352,0.0,0.15155929786681482,0.012321617751718417,-0.16314320032657018
0.15410061366995542,0.01779243695592551,0.21935937211710116,0.33580783850699875,0.12372356943830831,-0.011824249335365411,0.09185666784538449
-0.8824466664299458,-0.09093349164053949,0.4730562828464875,-0.11129877572850905,0.0,0.0,0.9397466805400554
0.2698369820993217,0.8694244369826127,0.024525244601006135,-1.0091550942813965,-0.22678305876986565,-0.043896806156346724,0.2706798649262124
0.0038351825257158523,0.644954091270164,-0.7306358802353574,-0.1923074073055492,-0.39372946090081423,0.42125305431937454,0.32334606628716145
0.46853923988865426,-0.570643854817175,0.26909816264224,-0.003087380481082147,-0.0023964990719938517,-0.1796801900590459,-0.08390992410891912
-0.20612606812167727,-0.9713012642831438,0.6361127899252788,-0.4286852892612962,-0.6830497523038478,1.1284495726424881,0.25592846682781056
0.3587639112317459,-0.44633935321195156,-0.3298550760163683,-0.10637099043415721,0.43622606645052553,0.7107391934122205,-0.23497039098563954
0.20362771401065194,-0.8811690868200293,-0.6918725684395152,0.6704413000904939,-0.6285568638834862,0.25075690456387034,0.39923122766863717
-0.6535562846426227,-0.039074517126416866,-0.3795459349822163,0.6832414761528864,-0.30369554117067016,0.0,0.0
-0.003843024392095773,0.21986443809175546,-0.11416010743231753,-0.2533903982967421,0.6402088879912432,0.6479646705161289,0.05591799889400906
-0.08634541361427156,0.38183211016914426,-0.21121384925019848,-0.1063929070021851,0.3470561957517189,-0.014388844563716538,-0.0010930969994080392
0.6658153056946863,-1.3307588296408832,-0.30377830777056736,-0.02533586144948001,0.0021140151447757473,0.023221846304704263,0.0
0.2694556097456945,0.06492789442313679,0.11145403515811098,-0.3931260971924835,-0.009506150414115705,0.0407076327785745,0.4061003007023716
-0.11016466675707323,-1.524531158134251,0.22060377540088738,0.1413880867676891,-1.006135572139392,1.648616510739029,-0.4188101442280161
-0.3300571549930317,-0.005452073138952462,0.3075335649159735,-0.21948273147391179,0.6603751275184734,-0.330979034999217,-0.6657266005896785
0.04597270105629912,0.10591652898919485,-0.1439998881747516,-0.010768156577116494,0.11506949272943573,0.0,0.0
-0.3183472195656494,-0.4006834527958222,0.6516719227063141,0.0048588260596460625,-0.06296366186547515,0.0,0.0
-0.2733584228422839,-0.31424287127983264,0.4568942574226277,-0.1388862861321192,0.15098242796615274,0.5231757835235973,0.03596294734389982
0.14710804679733108,0.11257080198322791,-0.3206044079949626,0.09475986241322938,0.45934052555927984,4.173406065177687e-11,-0.4543881030119699
0.44997959158554046,-0.4685955583014717,-0.2614327908001922,0.07364193910229033,0.22210263773224204,-0.29574457683453237,0.0
-0.09846887080684052,0.3835027948052039,-0.2339286249672327,-0.1017336005182117,1.3276143670754388,-0.34525954377312895,-1.1332142076055645
-0.020148718711961666,-0.0023932012265920344,-0.10262118748562143,-0.06554641167687783,-0.006003793773854571,-0.18165496465030498,0.0
0.06667966687988458,0.8341680205005996,0.0679451493942316,-0.18197189418199403,-1.1896483894478322,-0.141618320736284,1.2756349887542435
-0.2985802836197706,0.09798147703624766,-0.09798147703624766,-0.24892033025900098,0.4799402210230128,-0.226998801440399,-0.0012209871764758485
0.0,-0.34436624905975655,0.8135020846776344,-0.4691358356178778,0.060197541405135946,0.22798420354903903,0.19521389630064828
0.08716308503015813,0.19814796746834598,-0.13132883252704997,-0.06681913494129602,0.13092728444890747,0.07210217186673151,-0.20302945631563898
0.06794870607371684,0.2779136728338123,0.2450462040132554,-0.012467848791683828,0.012467848791683828,0.0,-0.10307451557102466
0.16485467994067662,0.0022407167179993434,0.10974679258853856,-0.0013954141679371201,-0.08195088675720918,-0.01336889237568751,0.2028350963644629
0.7608847378741984,0.4018420954518418,-0.8329382702762889,-0.6255331959239804,-1.3514085486898189,1.1974060499292163,0.25409402417804805
0.25135278563957747,0.004366022847727441,0.11575543652784104,-0.29561516456648523,0.0,0.0,0.0
0.2153284963339102,-0.6979990228667227,0.6685473819657826,0.5748778946666057,-0.3774628578746934,0.0,-0.2730749611277337
-0.4116648344394991,0.440451137907795,0.001058548165610504,-0.3331465552325671,0.3156437538096045,0.0,-0.5939523807843813
-0.20424945543876916,0.19931737660971008,0.5271171427439028,-0.5221850639148437,0.0,0.7109729222030787,-0.38339455133497213
0.3457961799960421,-0.35034469794310963,0.009574108805904603,-0.009574108805904603,0.0,-0.1282940225438668,4.064140690651641e-11
-2.5079993637433518e-11,0.4631369948812859,-0.22601442863891702,0.1475768656761342,0.024603050096160928,-0.28421207491287287,-0.25952304536101356
0.955149694462861,-1.1779488951085952,1.4307816043057642e-10,-0.02034536515744313,-0.522923226945767,0.522923226945767,0.0
0.6711994680039453,-0.4041070164712484,0.12513928211375822,-0.38455322915300594,1.1988995569296872,-0.38628019533542224,-0.5653667313362372
-0.13783121456271066,0.1415899639386688,-0.003758749375958133,0.0,0.00030393307189516614,-0.00030393307189516614,0.1748917691813781
-0.16358652284767072,-0.5198278904151988,1.3626215682554275,0.11138075300563748,0.0,0.19892394880876593,-0.19892394880876593
-0.2728219143642877,0.5610927004045777,-0.28827078604029,0.0,0.0006993916039113522,0.20110842947575985,-0.34663417659257245
0.526821682917982,1.0347447288721758,-0.930471868115837,0.10456652452692897,0.12868943072842864,0.008033104755875143,0.0
0.15143708129518774,-0.25114904264186505,-0.10266635946298441,-0.05531051709554348,-0.019469114315992575,-0.02174481198554016,0.47271264927893697
0.616778719521303,0.8779844416931997,-0.2592998799670826,-1.6844220462886028e-11,-0.08651890313901928,-0.09195524273561756,-0.001777230093001618
-0.6613410930875593,0.2639535841843289,0.33275912856480006,0.0,0.1852227706529477,-0.045750171540074575,-0.13947259911287313
-0.03170551459741333,-0.0744987061413122,-0.048498302580447114,0.06749107500075213,0.2992921903062696,-2.9853342020658147e-12,0.011866864888049
-0.23676818370510394,0.23676818370510394,-0.38437643125740845,0.12417889893738582,0.24119794729599117,0.001579642730381997,0.18823235888769524
-0.41853973202305866,0.0002263847312482507,0.28742483936910634,-0.14300051873590167,-1.6683795798856973,1.5205820371765781,0.0031468373446661676
0.06919679784906102,0.3990717260401156,-0.1350230261412087,-0.38008835651656814,-0.8610324596367978,-0.30573409051957834,1.1525217209654282
-0.11224792057618542,-0.08300362171293725,0.19525154228912267,0.0,0.0,0.0,0.0
0.17185299029216428,-0.24612146562514864,-0.0040585988138878044,0.16335610671927267,-0.34618681339211405,0.1868893054867292,0.0
-0.09474550410718562,0.09729829921433275,0.152780237182184,-0.14499205261523698,-0.6606985822044162,0.8501845635991413,-0.061114219448475116
-0.32311256584539194,-0.133151900080671,0.08507378988907507,-0.22245238732843123,0.0839986882928106,0.009178323230854412,0.0
-0.7372206311537634,0.0070354732548964585,0.04275514411925008,-0.30830939204659585,0.30830939204659585,0.0,0.0
-0.3776443049970938,0.381350053669826,0.0,0.22599789362342493,0.34496644048955205,0.5216131146328474,-0.9105433553918165
0.0,0.01781803538256941,0.24475798577815003,-0.26257602116071943,0.0,0.0,0.0
0.06381060557727081,0.21662575379524793,0.060711857968073935,-0.4356505105883491,-0.3822083349470757,0.385278982578698,0.06392895525976022
-0.21214808469631952,-0.424408104007124,0.004641482188766937,-0.00799748826474219,0.0,0.19392294462998788,-0.18371153091567885
0.07362025000063604,-0.5582756093732347,0.41504352891575313,0.17912264598043232,0.38608287244389194,-0.4901830040431475,-0.3463860998919229
-0.2758501623962152,-0.28202046120205754,-1.5891066240669716e-11,0.07152545367211785,0.3029080840283802,-1.875849475752034e-11,0.43397376972068047
-0.19872163254479552,-0.6061267728344596,0.2583450037927053,-0.0045082731112325485,0.45178829020663563,0.19127017322256373,-0.17354745545416733
0.3838388625649033,-0.17513073412906413,3.1855945659131635e-10,-0.11844965121317164,-0.14351386385570372,0.013017061051515094,-0.13804426530912386
0.09652771200285441,-0.12425780272968644,0.23763298285988121,0.1401888152768644,0.4909912967014155,-1.593370602584264,0.5345969475242822
0.10153958573611054,0.09545242696556527,0.17552279417927547,0.14159661127157636,0.34236774920804297,-0.265104319672556,-0.4108725234229854
-0.14642995190820104,0.10409332170121205,0.20376230018961825,-0.15401957577890496,0.1430633209945567,-0.337872107909268,-0.010705218272797024
0.231259741664994,0.0347942645121693,-0.026716519463656496,-0.18513701601977756,0.36111605899054894,0.0,0.0
-0.5691910220255212,0.5829526242216971,-0.014590122554279352,0.0008285203581034435,1.3532629955555522,-1.3532629955555522,-0.9950684519679504
-0.6440547586947668,0.7403083709566347,-0.17768407588991575,0.09718343155160766,1.1051441808223847,-2.688294666073701,1.4859670536997087
0.22037112811514806,-0.04071949460760049,0.24970390326355416,-0.298115970513992,0.2215475909274812,-0.05465173068229043,-0.4368416873726874
-0.4500899660834873,0.6865259006317104,0.20024446715163807,-0.4211021339251345,0.21993530075473133,0.0,0.7516332186494825
0.010601279552192977,0.1412487593826491,0.00047776642084294656,-0.00047776642084294656,0.003283657244171503,-0.11675292368371193,-0.30605671428749637
0.26481226698766125,0.07106658661858328,0.11966333041712815,0.1714191090120923,-0.043301641790640256,0.40088692137378507,0.6316682945359542
-0.07271623811867545,0.7126540943206481,-0.38883910429655094,0.0,0.0,0.008154255034055419,-0.15234365032169753
0.506067536954505,-0.22563079984272436,5.930443636170679e-12,-0.006912024060977267,0.0,0.0,-0.15814212845341002
0.3839005103407473,0.34423808781785065,0.3001346840238627,-0.013920503547374286,-0.2862141804764884,0.0,0.0
1.226787748484834,-0.41260880380273957,0.3421843461466055,-0.7582232287136694,-1.8057260842176914,2.347199118029445,-1.1549414390456056
0.05023966727636131,0.22823984969223138,0.14693131809674426,0.04687920948201596,-0.002634666638024419,0.20720711554701893,-0.4330929498884871
0.07984114872654455,0.0,-0.1771499457763467,-0.0036197941113740306,1.8996304529395047e-11,0.13313963079453206,-0.0035487268419747975
-0.16147515771234539,-0.29306724629364855,0.0,0.0003175381310441921,0.36659191791775747,0.7016057716399008,-0.5772784548518077
-0.16903150701319836,0.5798944911178102,0.052202697108085006,0.5168127364244421,-1.7020664102359655,0.8972354052794951,0.2711296071419791
-0.32436026156799663,0.1735990681986339,-0.9266342402093053,-0.08569470495259601,0.6049772337975426,0.00207902253275013,-0.014279145040359794
-0.3243740627630114,-0.9703457691340123,0.3715035738868756,0.5849083609667336,0.46867766294442587,-0.037107854503018844,0.55075560212277
-0.06197027629052049,0.24013193605727662,-0.024779193473407957,-0.0017809399260619724,0.02656013339946993,0.30645438605129827,-0.30645438605129827
-0.32651286384848377,0.0,0.0,0.0,0.011806540536818348,0.16867995464790847,0.1782769658573894
0.10666708685040499,-1.064897423250746,0.8978214218116105,-0.2069442246759515,0.48989870739419883,0.491727351289084,-0.7263791729640459
0.048746575019356045,-0.01715017338985738,0.01715017338985738,0.0,0.03055196686043893,0.7031323297569957,-0.7336842966174346
-0.37799092068875767,0.3598353840438706,-0.35608143716878465,-0.0026863188347598793,-0.08622841453941234,0.47964325336256686,-0.2412471026837939
0.11014744717230396,-0.09353481585817591,-0.5235904410333401,0.10733123804779775,0.4713798613003709,-0.42311204401298874,-0.17317396187614265
-0.7024367540380401,0.2836384077578385,0.6182006137791993,-0.20199661930892443,-0.12247281865662127,0.04181832790575478,0.06643210232810283
-0.06625688603405416,0.656721706754927,-0.5632587551883306,0.0,0.0,0.0,0.0
0.3789498613952677,0.09420824243660986,-0.7223769554642501,0.00025877955271323694,0.044968522698788566,-0.139460963587827,0.0
-0.5781058391531495,0.7669276699452077,-0.23113731133395352,-0.06744893523448292,0.734241375019892,-0.739270482369278,0.0
0.9276326147554985,0.1650689184959191,2.0621470510060207,-0.007186669357189985,-0.00434658731129737,0.2259851289495673,0.009078260959354323
0.13044173076493282,1.0482656761304194,-0.14969166196299802,0.3025799366947647,0.9098087068859151,-0.9665638835589041,-0.028379551510689827
1.1972254217035634,-0.4252527858929709,-0.6971617786510904,-0.12983997550191861,-0.06903705402888888,0.06912427541726104,0.07153888384406128
-0.22143447872343633,-0.4553715546952885,0.7201840307009341,0.0005618353557494708,0.2513938661750289,0.5974819354751826,-0.8414114962497826
1.1490264603554516,-1.1662974025537731,0.011845707111123094,-0.18942708945304368,-0.020921616530495343,0.0008520675714810594,-0.0008520675714810594
0.759332355335447,-0.3272678624382134,-0.39291154875756246,-0.169541750589075,0.2220786645767421,-0.2220786645767421,0.0
0.5255735947416511,-0.5835792145280141,-0.04022700234710397,-0.1889443348461983,0.18157447067922447,0.0006364873636608743,-0.0006364873636608743
-0.516456432014971,0.14349081932884894,-0.8926500610901911,0.31926820666104194,0.9271302398081553,0.0,0.0
0.208446723067336,-3.2087419526982686e-11,-0.004080292760774981,0.0,0.7943349073738396,-0.40190537647939073,-0.3924295308944489
0.004214397055015751,-0.34213336803464117,0.08911752573072565,0.05925830926201726,0.02780963933125316,0.002053432635842109,-0.12095929406684422
-0.17981704047904146,0.06753147459033121,-0.010356074175428553,-0.17602805789719078,0.12095460107105932,-0.012950627409571591,-0.8224242516397194
-0.08249426140216759,-0.21624014248861695,0.003869570004689856,-0.003583590730579875,0.9289388419279403,-0.40160613057069783,-0.5276186906313525
-0.6682191473366694,0.14671890407726396,0.1163952341890076,0.8578060626017359,-0.6018064589388145,-0.494563639543644,0.6436690449511204
-0.001607203599252538,-0.3131498412544596,0.24049422753162641,0.29055816223468106,-0.005749635398504371,-0.5458032928395438,0.1847970200301473
-1.0268277943188813,0.625688341811948,0.19769422942843423,-0.7827246361907124,0.6407079842877758,0.0,0.24568739309745574
0.02041533562425154,0.03834271942098127,-0.03834271942098127,-0.006642461456740908,0.006642461456740908,0.0,0.0
-0.5110004027132327,-1.6835057570340264,1.1641622679768138,-0.02559063047609267,-0.1474707955051388,-5.151980965361274e-6,0.3262198527780156
0.0033927435690988307,0.7166889210981731,-0.6737780483810721,0.020990544892481623,0.014666410119940784,0.8777090220800914,-0.5546670519665917
0.17129306726755844,-0.616065819663203,0.24580270881089,0.35885820556604137,-0.5560389139233504,-0.17505508202346037,0.19741006579446863
0.26159345420224,-0.637397694886334,-0.2241480549763598,-0.32017346598732055,-1.3565310407765558,1.7249290422484589,1.179313222950298
0.06617368991590344,-0.3215239173129386,0.0,0.0,0.0,0.06416528768929132,-0.23769536214054865
0.0,0.5357828390405143,-0.6693545514898864,0.4749619821776916,0.3767372640180781,-0.5588699779809773,-0.15925755576542022
-0.13336054156661026,-0.40493084549471137,0.5382913870613216,-0.031059392013666906,0.2812616173566181,-0.25020222534295117,0.0
-0.9219368442482558,0.9059443866164584,-0.017025054985327394,0.062288171519729936,0.008574426055663307,-0.008574426055663307,0.0
0.25176321155042486,0.0,-0.09813209371925186,-0.009230955205006039,-0.04470030456878078,0.15206335349303868,0.0
0.4621882755563054,0.15118533319862051,-0.1054652869121116,-0.144475753283987,-0.13225060014005421,0.2532660905363111,-0.2532660905363111
-0.9361726654553131,0.6941941242698274,0.1583499476462733,0.3034698162297339,-0.9762610523271307,-0.8470516799732544,0.12121172583342998
0.5999588087693608,0.05366085246390806,-0.7297481094924485,-0.22998582379267304,-0.6787684056448767,0.005479267049734338,0.9032749623878155
0.3839775600996631,-0.7415713293971394,0.47164877349709444,-0.25094291826382903,-0.12227924889095276,0.2181170418279323,0.17455319402884878
0.29485807026148125,0.6257049268271092,-0.2507485099165456,-0.004224352621705063,0.1330397486671453,-0.0326231484888103,-0.13595698607376705
-0.545445586068693,-0.17480669812961935,0.8991480994230204,-0.10537941471517027,0.5963324433736871,-1.2818465895424476,-0.024662654124637307
0.17639981724006515,0.14722625328452205,-0.3236260705245872,0.0,0.0,0.0,-0.175740719208721
0.0,0.0,0.0,0.0,0.0,0.0,0.09733553820035248
-0.12265181054852303,-0.1157538878511499,-0.024692713724417482,0.662310678223416,-0.008892067198182252,-0.6534186110252338,0.0
0.2796566806366107,0.853234706608503,-0.853234706608503,0.18096859308460025,-0.18096859308460025,0.0,0.0
-0.08420042985520226,0.3975999053462804,-0.011859446418365215,0.0,0.0,-0.2942901077964495,0.2942901077964495
0.5943141124315304,0.12723019901046453,-0.019336647889479697,-0.238779732263888,-0.3720524359071359,1.480134574535338,-1.2317212953853451
0.5518895616040784,0.13938016271827314,-0.0030512537970286482,-0.03791699843578093,0.009972550319420773,-0.005063475231866925,-0.004909075087553848
-0.26260177213258074,-0.25506502056466973,0.468697482726058,-0.044124390304935424,0.1104862339453157,-0.5350593263664383,-0.110826985532031
0.268564207783676,-0.1171269484151013,-0.15143725936857472,-0.3193988651856938,0.5344272860410525,-0.5773620808878068,0.22283672732610907
0.3527660501232976,-0.700311903286744,-0.29632858124101036,0.2834713994461242,-1.8254005631087327,0.3882264252024745,2.6782054802635544
0.22225431429763692,0.2567930634649379,0.0,0.23255319884060005,-0.23255319884060005,-0.11398651843933036,-0.24077986525616732
-0.09410623857983308,0.4201981394371638,-0.3879191914430318,0.22041584520412716,0.09031390185460664,-0.4203101472614099,-0.32277502595419194
0.250708956645701,-0.9931814970642916,0.43567431147306335,0.4677425922008898,-0.1398822027633636,-0.00025172020393460226,0.8581118061085954
-0.4841715485665019,0.8629669647860194,-0.2588953250605475,0.053852320760863936,-0.043875788926106815,0.02604017558776472,0.6989418489854933
-0.16085552666165337,0.4630168026362297,-0.16754554198742133,0.14897025609098424,-0.41310701693304586,0.12952102685490663,0.0
-0.7957422058236642,1.0763225316950957,-0.901592285880642,0.40283908852690326,-0.05704642790214122,-0.05183110721778597,-0.8295520985278187
-0.21564122300146094,-0.25864255974704875,0.020491052328360484,0.014128903053474754,-0.8962589425663484,0.8616389871845131,0.4318708186021944
-0.58771093880059,-0.9960730813628574,0.9640674407719415,0.5972309713522955,0.0,0.0,0.22100851612158
0.8275330666986194,0.18888579661956661,-0.5384329464266946,-0.28261562943797397,0.0,0.26478946574149553,-0.3584403565261731
0.3903795100291653,-0.11450912878607206,-0.041964396272133137,0.0059723758206343125,-0.6894333583957648,0.7805724529231836,0.8164002536401531
0.06166985371734607,-0.09381749727096844,-0.2344338802943545,-0.32638964200361137,0.31628603011553147,-1.4595860408478052,2.2592827251930765
-0.07867807885351463,0.9258640721861229,0.03308575988978538,-0.10878994211469628,0.29383089421505904,0.010118155004502083,-0.1951591071048648
-0.10865972484303243,0.16350332245711907,0.4012675992900161,0.1917170366987644,-0.014827185004103577,0.014827185004103577,0.0
0.3106875419934124,-0.9941745439248424,-0.15740217760842218,0.7898258819165003,-0.4458701350462665,0.0,0.0
-0.22731590393899453,-1.122202331060862e-11,0.18466077845665219,0.07570929507574059,0.4213160584225853,0.025484842860138412,-0.6163606307667062
-0.05665376864215842,-0.03454378313603387,0.27860891749752226,0.4045227151070213,-0.2703607353359399,-0.2691408277062438,-0.0024939755261120244
-0.08838465228635134,0.17763676071001847,-0.010330377330799763,0.2082460838262687,0.5593993899431949,-0.7573150964386639,0.0
-0.5592562341592506,-0.03697561858243128,0.025769823781881335,-0.025769823781881335,0.0,0.0,0.0
0.35176371392983785,0.10906670275627095,-0.3004047345486026,0.0,0.0,0.0,0.0
-0.5379446799629201,2.5612387211104704e-11,0.21533018520498579,-0.31971996118605917,-0.003583003552402527,0.1322618208573277,0.6489105220897835
0.17715810136786111,-0.028750107248501078,-0.3619202787803444,-0.15756174155211425,0.3304206068519748,0.4742047904465374,0.7368845224624713
0.5976887964978129,-0.07575447026915827,-0.5219343262286547,-0.5355543560408066,0.43261618512488886,0.1029381709159177,0.0
0.49402357397264307,0.11082859959807467,-0.5304839240311652,-0.07436824953955257,0.0,0.011667964304942838,-0.011667964304942838
0.2720483111808937,-0.09423119456444992,0.005752252276671296,0.08847894228777863,1.3328404109751844,-0.01232960257572513,-0.5269650996955516
0.5051206060653535,-0.27040819410803196,0.05445261909564545,-0.0016156308954435733,-0.05283698820020188,0.0,0.0
0.25043553429083476,-0.7731764217182112,-0.1942048251749122,0.1942048251749122,0.1506628914566177,-0.1506628914566177,-1.0925904611337862
0.04899105760216693,-0.20979011018947596,-0.42039763561000026,0.2060871161908486,0.3576795004197899,-0.3819328461777157,0.013479363162430869
-0.031123375670243116,-0.44354002817560795,0.44354002817560795,0.0,0.0,0.8948469741806224,-0.6150411546514087
-0.013379040366687453,0.12666502527512027,-0.7620761075528331,0.6086211643567945,0.6513909588601383,-0.5424232052626307,-0.9651668866072436
0.11269346101239675,-0.13687425684876114,-0.025781228477140594,-0.084012529247357,-0.15887980001856844,0.7734174750223466,-0.7953287083233135
-1.0149825424576875e-11,0.3664094389561657,0.0,0.0,0.0,0.0,-0.11558643663233141
0.23844843105233016,-0.17329480362752098,-0.3465249883396457,0.0,0.0,0.2824957986611151,-0.28117233700984945
0.0,0.0,0.0,0.06074052447040168,-0.06074052447040168,0.16872741984722717,-0.002724458396142909
0.0,0.08702879893360274,-0.006464016729623129,-0.778330744968267,0.9165104317370558,-0.2187444689727684,0.0
0.42520413967926546,0.9283862700945511,-0.3933121566022783,-0.3015808629769009,0.07469090912402723,0.0,0.6275110667681595
0.17922694770325706,0.3217918148355798,-0.048941530176657984,0.19948483366039768,-0.24225517166322963,0.0,0.10935416245717683
0.2523074856752559,-0.2649880656952519,-0.00449080517417199,0.2361895025722202,0.9872419407874803,-0.4028160197434937,-0.8449917150499432
-0.17341427035995005,0.5673291762955898,0.060025120074920106,-0.3582362163765569,-1.4476171661061146,0.802364198785718,0.19508802595377994
0.1087666976165928,0.14690430274144065,-0.16297590901875392,0.016071606277313275,0.0,0.0,-0.9055608249621246
0.6780517559003161,-0.14330744986968846,-0.08750270729743133,0.0,0.37144833918022585,-0.005447393966987235,-0.3660009452132386
0.7502779351548932,-0.7100110205315604,0.21778368206184334,-0.26868093570083784,-0.35546904259714895,0.14258302715349458,0.6581233708898034
-0.6409008236456093,0.14484150276243601,0.4625335717941036,0.0,0.0030365298581972277,-0.0030365298581972277,0.45538280833761113
0.39096424141625136,-0.24333553795505689,-0.18972787971331234,0.05909799585520741,-0.4720523108475689,-0.3374838456517673,0.5028743767347756
0.0,0.11622985476312078,0.08216527966576234,0.05956171042934055,0.0085934669633842,-0.2665503118216079,-0.15516643811723838
-0.657046839239138,-0.14593168633071918,-0.036356040274949986,0.450064147178423,-0.351889318978302,0.37500802001192146,0.09350200876799822
-0.01870623163378826,-0.15007411622785927,0.2579140058575566,-0.5865768159759543,-0.6237373541397855,0.9549586584610383,-0.3312213043212529
0.3474295162125102,0.4384609658055445,-1.0253592488470114,0.02269201178674385,0.20287723724353346,-0.19287573680331455,-0.4120749436510836
-0.3574234638151871,0.5248768001285025,-0.4600490647210897,-0.06482773540741275,0.0,0.22469371766651725,0.39875106243230773
-0.3173221509907875,-0.08752665425406923,-0.017799814920685053,0.38225598106400516,-0.3864303814227045,0.0,0.0
-0.04492155306231774,1.0423069045499056,-0.7533017686624711,-0.0011641282294954074,-0.02922188821927572,0.024404614148186923,0.6946980128962071
0.7729388038957645,0.6914277638706604,-0.7505969587380171,0.12330356775055329,0.12370966890665946,-0.11188049275364265,-1.3999919372189127
-0.13778088692051899,0.009727134696979112,-0.005789879751493254,0.2422842708182316,0.0,-0.17157580711698894,0.17157580711698894
-0.2625712772617177,0.0,0.11816041465539229,9.749728802077584e-12,-0.11816041466514202,0.0,-0.29042540772381664
-0.21655276580830712,0.032459765668981067,0.4923097239874246,-0.6073328178139966,0.3620726900585699,0.26785404071900476,-0.022593912963578034
-0.43300522739157077,0.0831704973252316,-0.17837443532143848,0.0,0.015423096675534884,0.4488819054219751,0.022317599115363462
0.05707715121259904,0.22096705780374537,-0.4768493154744823,0.6188065660198621,-0.6914804889919182,-0.8694972229307831,0.8694972229307831
-2.1067158434417976e-11,-0.006170078655018667,-0.3352309083348356,0.051996220240294155,0.18655254634689658,-0.7627459061521977,-0.6580397095135997
0.10224508069428709,0.5328744327288387,-0.23212580856969817,0.02177448955295186,-0.21284395895371466,-0.11340155321659462,0.0
0.10262643753460655,0.09766356791771798,-0.008479246240197524,0.2333499790148761,0.6460736859928442,-0.8960902509486139,0.33701771027508287
0.0,0.0,0.0,-0.006128236491059007,0.5376432511642224,-0.5315150146731634,-0.43246621547530534
0.3297299887583772,-0.9282353318861396,0.10385228322148629,-0.17557386743126024,0.0,0.0010209443427346364,-0.0002564586096167966
-0.15386252717392263,-1.5415565747798339,1.198198427001359,0.27615046388371267,0.07494414405930193,0.005772182075259043,0.04487693672164328
-0.5054947863071103,0.8685902295346213,-0.2415667217507606,0.0,0.2868760984678744,-0.727392764757782,-0.0924533376826237
0.03955494393507414,-0.6149075128005244,0.26429015769367753,0.08877634756409605,-0.08877634756409605,-0.9115200221842125,0.30868613035801984
0.38619225289899956,0.15575584482348603,-0.5328981638677903,-0.3336106353081463,0.2502399255855347,0.1627966250224031,-0.2584912735095957
-0.13821949773555914,0.24584586396941405,0.1402936292561826,-0.1391689776801358,0.00913043759957831,-0.14363049795914404,-0.005960049704459486
-0.18813504241891893,0.4610309844216545,-0.6899498303355859,-0.16422010989328484,1.381590492054742,-1.4098784468122518,-0.6714768604856195
-0.15251803182784995,-0.9226009832226819,0.29264449377954904,0.6371400101599207,-0.9391640519449527,-0.005057989770415272,0.9370385209985801
0.2789232631834947,0.6121612929563686,-0.8764947219091808,-0.6275002750182325,0.27095280010121475,0.0,0.21582627311009753
-0.5481709901017441,-1.0955121343266807,0.697068430561774,-0.10433060428083862,-1.2155886154486262,0.16655151908461274,2.655564273695026
0.38399939871939687,0.5341114554250361,-0.947562863938739,0.12154442778493055,-0.12611379822210872,0.19569960746018486,-0.19569960746018486
-0.18842456748745223,-1.1318072677685087,1.1733839051501451,-0.1091474111490316,0.5742897840708429,-0.44583442675417095,-0.4780184627954861
-0.180798373238735,-0.13372254704514636,0.6089901178975761,0.01725608407685536,0.03417853749780747,-0.006606114880695624,8.238640351154736e-5
-0.7346489102320465,-0.39952102238630555,0.47569573532169773,0.2589652056873979,-0.2589652056873979,0.0,0.0
-0.1081651123139853,0.6516616758697793,-0.3626055104133267,-0.08035662658108034,0.0,0.40113260515427446,-0.5786223146348952
0.6847497136831205,-0.6021766948404921,-0.3604250991994,-0.32291605643537574,-0.5177920452829756,0.8186959895417032,0.022151424528056348
0.20951297807639274,0.2702846391802475,-0.6892047331616858,-0.30926723620762736,0.6429993542342582,-0.021380120116405887,-1.6368323363380455e-11
-0.16551551572863804,-0.11347679724940749,0.005522672965904363,-0.029400738601221388,0.38303146633012813,0.09692928783939808,1.2598306986312662
-0.21422790524974905,-0.00018846955822547287,0.48662147661713995,3.291006356320736e-11,0.02292746188339284,-0.24440609514628442,-0.2654580369184829
0.4617453899464446,0.009920089538278021,0.23300878652742762,0.16092501053599062,-0.39393379706341825,0.12522947267443837,0.036113024257068416
-0.04742966872718096,0.8053345907013876,-0.28601051073724965,-0.3789892466032149,0.3810893043084434,-0.0037244954160169518,0.0037244954160169518
-0.02484753619885329,0.0,0.4114211176529716,0.7936316878093295,-1.1365195351808968,-0.06569756792217174,0.020381753002295028
-0.11965071018367324,0.4671006399804534,0.0,0.08118658746814636,-0.08118658746814636,0.0,0.0
0.8515581112501192,0.5343602554235806,-1.1540608587935053,0.14063881146355922,0.19526048637219653,-0.8179913282857734,1.47398168855648
-1.3009579524769777e-11,0.4397933219153295,-0.415590628476739,-0.07981099835570601,-0.0006365769756137415,0.00025830435814730305,-0.00025830435814730305
0.12793706941465333,-0.6578810995847656,0.0,-1.146453101424822,-1.8300813493042272,1.4936172412608222,0.4038836931959593
-0.37133967388038225,-0.19490319582566565,0.4104623238466372,0.11779546873725662,1.0246945383198172,-1.0166170078359225,-0.11895213152980164
0.46523646633901816,-0.3098578614571562,-0.3384563662709251,0.5560408459373102,-0.04094083473843124,-0.43528236559711553,-0.07981764560176342
0.24310246644247518,0.135257121396535,-0.020116477049794038,-0.21201700429009585,-0.059204765893367414,-0.1955018221447669,-0.30675596569017677
-0.48931258303922953,1.3247655205378182,-0.2900740631171993,-0.2213907703298542,-0.012402771747374725,-0.42269156440572425,-0.20754524268114438
0.2912556422609299,-0.40232450385969826,0.3209785764991094,0.07101994710106507,-0.3871394816533907,0.3324696770936313,-0.22237916400019492
-0.19580628821033289,-0.10466988301405955,0.5028583044214187,0.12630606750832934,-0.3004843490046691,-0.5641734551989409,-0.0677779641538887
0.6112979157296351,0.4095421776339069,-0.22828790437277147,-0.25671179695287416,0.10288210502238002,-0.11405649303987742,-0.8036781217275447
-0.306185399191293,-0.15965790789088796,-0.29617334746200924,-0.0007067293166874711,0.2968800767786967,0.0,0.5742424939064372
0.004686365149649194,-0.6958602611753758,1.045470022395968,-0.371778087783424,-0.12960137443794761,0.25084772948413936,0.09497349680984297
0.028918303851435012,0.2404536775917301,0.09518143354244273,-0.10547264190197635,0.0,0.0,-0.00757350267742567
-0.3653455315986942,1.400608463650497,0.3984381227339694,0.25807173713712583,0.2312749408031734,0.5618667608618795,-0.7931417016650529
-1.0641187319861407,0.14427890553409173,0.8375223367576388,0.36517551245795277,-0.7084061458535291,0.0008103287305185058,0.2157209474162902
0.23666724267663847,0.28187238426202166,-0.8358110099251067,-0.03222537180359153,0.0,0.0,0.07888781108764473
-0.22324931920042382,0.8743646198540359,-0.14045234605347956,0.09460383127468375,8.006567773222173e-7,-0.7201450096266826,-0.10837189610533476
1.0619887527931233,-0.9394717404800443,0.0,0.0,0.5719026451553121,-0.168924324073633,-0.4029783210816791
-0.1452195926565007,0.65566767276381,-0.03812236342588502,0.5287246375025617,-0.5287246375025617,0.0,0.0
-1.1234070625300805,-0.31241635078022856,1.294120789389466,0.21101306472271572,0.00634686797058337,-0.4465419825444391,-1.2595111698355912
-0.31798364136566737,0.4393698448383938,-0.0019696056079141597,0.031461972676306016,-0.031461972676306016,0.0,0.8658895320663129
-0.09730795437931072,1.0895183151806123,-0.03053624480609364,0.42479804922028297,-0.426430921288848,-1.4762116694084677,1.7682420385595705
-0.29782033790063894,-0.036412639883151174,-0.00396845578401707,-0.0034433769806545803,0.0034433769806545803,0.577875250119734,-0.47371434693151604
-0.006147248160343163,0.1997558045956016,0.014410976196950961,0.13184408534692907,-0.5435593701830275,-0.8238255715591565,1.1412967643606318
0.1658337719452537,-0.038247821759876954,0.15830989914426338,-0.28129260047178595,-0.004603248857854185,0.36446538886346597,-0.1640333624388379
-0.5654793522419883,1.4756396907115574,0.24415690215689723,-0.07555004597048444,0.60632752947329,-0.5994648290750924,0.0
-0.5074855873857499,0.5131874285780605,0.19101679231853877,-0.08954680817808504,-0.0007044072426993647,-0.8267969028795756,-0.013605952895742512
1.1421510075682935,-1.5524284089208444,0.06665813349291703,0.007354674508217612,-0.07598255291174315,-0.012577423907951473,-1.0698030637388625
-0.4093281626148106,-0.03634218533913416,0.5082292200255422,-0.2834943308106296,-0.2247348892149126,0.011300986139907664,0.116386095428356
-0.3699052950268534,-0.42140163097875044,0.6597263938210549,-0.22437361302868342,-1.3647616120063775,1.611368864571972,0.0
0.22587052920533784,-0.0014361625787704853,-0.03253818983834221,-0.0002973490417203864,0.9758980642455015,-0.3550746110355055,-0.7224095050704451
-0.471012473590651,0.569653900186766,-0.3611788222824139,-0.00044924000653190355,0.007120924791010119,0.017530994789347165,0.0639762767187054
-0.6079002282261191,0.012813504696870287,0.22996095302596747,-0.19577461959527986,-0.2527312465459158,-0.0011858029172934262,0.0
-0.8408130895251359,0.28487205712651453,0.21348871918270784,-0.48667179366538416,-0.24022418544690768,-0.010637716948567768,0.1347298985983011
0.0004549973041691191,-0.04432664616886711,0.034900030914307656,0.32759686163018353,-0.1594220191927921,0.0072577635942450355,-0.0072577635942450355
0.2899403337633079,0.0,0.13586329744291653,-0.33729904273436073,0.2014357452914442,0.7450037702214707,-0.7296826390240363
-0.29007157287682694,0.4805987910965593,-0.4805987910965593,0.0,0.0,0.0,0.0
0.12989332039991272,0.13976599752656235,-2.915015451243619e-11,0.34924117314293174,-0.4051353248798168,-0.060330121616521445,0.010294148712589903
-0.16545837601314212,-0.28148088620341094,0.010717115757853765,0.0865447446002311,-0.19265159597444745,0.0,0.0
-0.07708695445807144,-0.22445066028846672,-0.23084783848653345,0.2688210306673137,0.18647746810768645,-0.31030775738969446,0.6313024755400283
-0.5734508775397172,0.8242959587713783,-0.3813386022556605,-0.2884711761463806,0.2632341875507984,0.25724010976855216,-0.417851646826169
0.7810177809243435,0.3095234481055137,-0.6264749411555421,0.5190331453672747,-0.7505840815873216,-1.0774754057839577,1.8273988793149458
-0.09615378674699143,-0.0997872571318898,-0.30184618264397184,0.7158170186372085,-0.41397083599323664,0.0015850053616693778,0.003259599415861369
0.03188298607868656,0.39213243822503163,-0.9588393091715868,0.0,0.1687712732194483,-3.0327684807929245e-12,0.3264817493958808
-0.25979898180526,0.24745330186777503,0.13662671238831542,-0.3675569532197064,0.18914126827298952,0.19865441930873326,-1.4027464503100504
0.48346940177716324,1.9334925835303478,-0.6719547304008601,0.1467944379611976,0.3793061894208132,-0.5153805355467914,-0.011983957412261752
1.0337123999611642,-0.8475629774496478,0.3720736738687237,-0.3459628302421467,0.7130486983165704,0.17530002285371304,-0.04172678648304399
0.010688264409853723,0.11160023998202231,-0.19740007399422446,0.03629132267401025,0.051923478084542965,1.4698407094908927,-1.590577656586319
0.0028343989046066276,0.0013476258951925502,0.15331790590263633,0.06871525401244993,-0.18616628625467774,0.14907935726102745,0.6873993857339223
-0.14099601181677857,-0.14586306193856324,-0.4850355080928729,-0.5460650046163619,0.3526276537278088,1.0873843011969409,-0.8939469503083878
-0.23803182404459441,-0.9811831862258537,1.5694578832434642,-3.433919815165609e-12,-0.3499940011718641,0.5446096946791598,0.016531253528561773
-1.4963838336885378,0.5035846421006315,0.24877344657302797,0.40304725662949065,1.0350640978800312,-0.48762262494143693,-0.051647406100346294
0.007754185492211382,0.0,-0.00347039223683206,-9.216030172498049e-5,0.0035625525385570406,0.2281677073425347,0.18001777334987865
0.0,-0.7994361212122315,0.7994361212122315,0.320872942371035,-1.9519706983006364,1.4651663203702416,0.16593143555935969
0.06703672935177873,0.26206921051775,0.006905718409948969,0.002456422547170267,-0.32860966375267164,-0.009858417073976314,0.2069623123619629
0.04740714211384109,0.18633820507121568,0.14544569734271562,-0.14544569734271562,0.9414556764490424,-0.6893870199649766,-0.39147477027632493
-0.4048154529615611,0.0,0.0,-0.53045341040327,-0.24334554039298673,0.4420869873064765,1.0664389499795577
-0.14451580544375142,0.693954478162382,-0.19221940093862808,0.1467524687052922,-0.32045697537086,0.018121705022182546,0.3618255478576848
-1.0526143637105978,-0.5965053476561626,1.3527854045923249,0.003686679864875357,0.0016270561963838007,0.02490127676341239,0.37243932569705307
0.22384315716961742,0.010480626227932027,0.07146849761212926,-0.3057922810096787,0.0,0.7775386810699846,-0.7775386810699846
-0.2683586014827536,-0.07779377744027971,0.17396490215712226,0.1516412294494991,0.18390738166137532,-0.6134928370190948,-0.2526805979054703
-0.8999964140297486,0.8803892892993574,0.11244152392764228,-0.25837440544821594,0.0,0.0,0.846885634773861
-0.6388941658610596,1.2049617804596457,0.8809876684159257,0.41298073926149276,-1.413849297742461,-0.05765307424427868,1.1568959572850361
-0.0690734126265656,-0.6212189620196404,0.32730146015479644,0.338840435769954,-0.2482647971985854,0.17064872417126514,0.00931316932439899
0.25891715854806063,-0.23284411989745554,0.08879124397028017,-0.08879124397028017,0.0,0.0,0.0
2.218121654178954,-1.184612344698203,-0.08347562250770056,-0.12050677581784018,0.6181888979816987,-0.5702041730184153,-0.05206253582829235
-0.4968329150404551,1.2942479488937653,-0.059507388942483905,-0.07075989012858047,-0.021219334167574336,2.108532706074362e-11,-0.003659004115438477
-1.2154442066081566,0.17634891238044625,-0.2838884659171018,0.575111219431132,0.0,-0.4312916276565823,-0.22159845606049416
1.2657147827310207,-0.9412439440846225,-0.22546354215331676,-0.30244031537220184,0.21099017626804012,0.005293659667397477,-0.47023205847372923
-0.3078241196545882,0.1326416291400057,-0.3703473638491205,0.23770573470911474,-0.0729075323002551,0.2730593921381979,0.24072120623747978
-0.08356610685336463,0.24358114110480042,0.2929221570941969,-0.00784175123908265,-0.2561656664330789,0.0,0.0
0.9859506808911827,-0.0005351473568240615,-2.0259457414635584e-11,0.06455615162338045,0.3809405258161873,-0.44496153006248423,0.0
0.23044971964312086,0.36962380953900903,-0.39309275792310727,-0.21263390579982436,-0.028305142621487252,0.0,-0.8747992963831238
0.22684523100708887,-1.6849672010210979,0.6479017753924052,0.2989176230225875,-0.2989176230225875,0.919571539816148,-0.5782878240282441
0.3715053531893152,-0.5993628306541186,-0.5951688466315159,-0.13732134636740959,-0.0007582053559063174,-0.0006812443899106001,0.0
-0.3334665949757239,-0.8040741110841004,0.8939526982833096,0.005779351801028719,-0.08036762089662135,-0.19244032612229728,-0.22551518112579783
-0.2610067592702291,-0.2375285646835569,0.2375285646835569,-0.05917248057647507,0.05917248057647507,0.0,0.0
0.25762381964174863,0.29192963240195463,-0.1772057699544498,0.08762181188157203,0.24239289371735667,0.17767594591483452,-0.3805781505781068
-0.1434834522635569,-1.5174651824595702,1.4888276052254985,-0.03492658912074939,0.0,0.35677696807115933,0.3214850961205171
0.6096135917464607,-1.05416164047295,-0.6680881731233377,0.09480266603572207,-0.538320207712315,2.054571119207211,-0.6269258751112198
-0.3240425118347861,0.24775154089029575,-0.07918903571096994,0.0,0.22299743060058852,-0.20210578788480008,-0.921852031237874
0.48426239052465264,-0.7130379645452237,0.5960392524494103,0.47215561442973797,-0.20398563036022427,0.0018124815647519166,0.002454773335013427
0.34708366849165173,1.2476815792426876,-0.6115401855984762,0.0,0.0,0.11869673843491917,-0.11869673843491917
-0.495992808101285,-0.21854023681194415,0.1061562024997619,0.33468300561742015,-0.21939868843987237,-0.13495252575605457,-0.7370873748441115
0.6522109369079246,-0.5805910138566053,-0.25243196047182037,0.2540490574279185,0.02624296152484499,0.3954041582479554,-0.8735042756763702
-0.45753634149691347,0.44840940058792333,0.1377887826115823,-0.1377887826115823,-0.0026406195421452548,0.0026406195421452548,0.002811990286715603
0.6765692637130728,1.3098016573388482,-0.6497544287616999,0.18771390379342,-0.17947337765639687,0.03475566823890311,-0.19584410732139917
-0.07241996544585144,0.043754574879582064,-0.1421633149215652,-0.05348125225109829,-0.32681113043371296,0.21460777758817998,0.40734871973054076
-0.29843875849749074,0.060113107756449305,0.0112329728174215,-0.14387298153060102,0.0036442772826362907,0.6315643934474113,-0.687497820481074
0.06640794577344167,-0.24920416778684173,0.6502254000561727,0.4438826019707351,-0.3604936039754268,0.39943400385048017,-0.6813570903400826
0.2293100484318411,-0.13764278931400403,-0.0017407433993810312,-0.11232236506992192,-0.006193920476740056,0.31937218428665737,0.14476570384390458
0.38192755905878367,-0.38192755905878367,0.0,0.0,0.019609357314401152,-0.014150815610966585,-0.185570415972465
0.9239265481951031,-0.5639954459546763,-0.01834055435874349,-0.25259202396884217,-0.024388208992091348,0.18818908125022843,-0.00033360577466679474
0.3480168931814464,0.7803365990773452,-0.800413818182734,0.45741131335341617,-0.9189024206685666,0.24715704072509892,0.7600177817663146
0.02121338546203433,-0.2708422838078544,0.0,0.0,0.0,0.0,0.0
-0.02004574312069439,0.644734398687807,-0.644734398687807,0.441751436809033,-0.441751436809033,0.002003284653436091,0.7292090773592667
0.026019123010439238,0.12396613571787211,-0.8441640315060118,0.7909804373293587,0.14693726393386938,-0.46780136209906314,0.45171889228449147
0.7447861268126721,-0.36080349535040024,1.0236625835432094,0.0,0.17161629326108882,-0.17161629326108882,0.0
-0.12381256316038602,-0.5872070736087232,0.541545933453544,0.0,-0.0030248794674856304,-0.004758156189893454,0.007783035657379084
0.20745115725065028,0.02306814802885429,-0.20641275771763645,0.0008321542570328341,-0.02493870181890096,0.0,0.0
0.7456342452759901,0.3864337618169505,-0.9372424337594631,0.28956793497503064,-0.1746111261509849,0.17170701232158575,-0.0814491628493132
-0.18852486617883757,0.39689933880637696,-0.9524358783769182,0.1949088055517384,-0.8232033365437194,0.8656407319743362,0.0
1.5607534424192107,-1.7446596622561474,0.09369303890959953,-0.44120173468803725,0.06336403389689671,0.13888373226012588,-0.2898254312383065
0.6972012098177062,-0.711133813339174,0.7978799083026462,-0.1971164580610811,-1.595278862551786,2.0545896547211493,-0.04858113742327527
0.13897828471951995,0.00645322074593957,-0.8324851634314663,0.30914279446874937,0.10296475566029666,-0.10296475566029666,0.0
1.195086750864793,-0.7072586649226051,0.40502960339046745,-0.4605482539802772,1.2790746484602808,-0.09282237784926829,0.5427470637551549
-0.042712860800526276,-0.20859827874753845,0.21580534134822435,0.1958261193879461,-0.2593993413912185,-0.8619511577593142,-0.3192710920047701
1.1441245062295882,-1.4238434868178966,-0.12506056019767364,0.4047795407859821,-0.1586664327068145,0.16758648084793398,-0.00892004814111948
0.033297234814256865,-0.22592156814200248,-0.5050719931602041,-0.7979104209529226,0.23686329584716104,1.0587201241821218,-0.7041850312058197
-0.08995728352598545,-0.4120439620651099,-0.22568349972946578,1.4309180945965907,-0.4553052139411155,-0.16230888231901577,-1.0547043183750995
0.6055992317068164,-0.4549375652205678,-0.3360829841281627,0.0,0.0,0.0,0.0
0.1564743811762702,0.39825139138859134,0.0008966840441049229,-0.5345617962108316,-1.4649683590862725,0.8801758437949171,0.3170377142575861
0.04449983385044845,0.0035698819533658277,0.10553790361933268,-0.15899871482215097,0.5590081920560503,0.039308033792235575,-0.07269345061487986
-0.08446626689733366,0.3677662593280038,-0.21512441646292907,-0.11079869700726885,0.018748042946050314,0.3166378929834664,-0.013867154894929843
-0.3931308664868842,-0.05361627861751253,-0.9808032416546271,0.2191700666273948,0.9850007042655011,-0.44401381263208956,-0.05575294903770783
-0.5259506635515918,-0.04503827177955107,-0.20402085646515322,0.014365419605285396,-1.169353652513168,-0.4054929853093452,1.5248582979566372
0.2569588413763597,-0.06292232622160743,-0.9148707723985737,-0.012077697620614725,-0.07797352022157374,0.06854485009242785,0.26361952928248233
0.518268779809276,-0.41272718022515154,-0.10554159958412443,-0.48501256080025323,0.11507726678122104,0.3699352940190322,0.30634121883786525
0.5460289576595935,-0.626944729846996,0.0,0.29012404788966056,-0.29012404788966056,0.0,0.5091475394107057
-1.2756186749781366,-0.09152052155169066,0.04308639751583199,0.3429238225939447,-0.7484513018472476,-0.1863958405447821,1.3154645441090684
0.43748419627325075,0.2860678917404863,0.10819352266579635,-0.25312373525124665,0.012093682314323867,0.1572001886559547,0.08219093591408627
0.0,-0.3545263807813624,0.6614587593177869,-0.15719330460274228,-0.1497390739336822,-0.3192384710264057,0.3192384710264057
-0.3044232154119551,0.33066279479734845,-0.7366707203265108,0.0,0.010534687268175432,-0.010534687268175432,0.7466970203410022
-0.408188737598102,-0.45992601869087124,0.06278356578786021,-0.6872203644102994,-0.02255002723881616,-0.19941243318586865,0.5271703828195977
-0.197260889770431,0.5112975399112758,-0.82347401793284,-0.42130751411383727,0.2036472442476289,0.16114227793277144,0.9215324531833469
1.1126520972595726,-1.0502684168896583,-0.062383680369914214,0.30341086748963536,-0.30341086748963536,-0.055840972656069195,-0.8470060091613096
1.0982180552976326,-0.6175692965349845,-0.87596824291099,0.028946225958603716,0.19767813540806567,0.35419396778190715,0.08066405137972749
-0.5819064407131166,-0.35162268370134764,0.42851832565785886,0.0005868569949492031,-0.43835444806765056,0.35402863384387284,-0.9337311131633985
0.5390099851882302,-0.02905958738735498,-0.49787004945205754,0.0,0.0,0.0,0.42095460602575624
0.22584419508374182,-0.3075037722445769,0.14591681440340565,-1.8804180434983664e-11,0.13349054427917273,-0.4115005427227422,-0.0035273917907285846
0.06649229029621237,-0.4321485029108594,0.00654661464546713,0.19736556251651022,0.3836057244724466,-0.4537309011334227,0.18068633295127828
-0.5503687410660069,0.5017282982277387,-0.3036644814353289,-0.26890130412198837,0.0,0.0,-0.281951961482813
-0.25122335438590215,0.15037991770832768,-0.062584624565273,-0.28864609469543584,0.05923458807193441,0.4041674130080367,-0.1747559063845353
-0.5355464257657436,-1.1867069814265292,0.7974402808035542,-0.41873365026456844,0.420186410595489,0.2588383886879268,-0.12580734143987257
0.051053043713791796,-0.21045676243534295,0.14130591587105876,-0.20428665829031148,0.22238446114080387,0.042672433292844834,-0.030892359376125358
-0.49253291684589956,-0.1519427169067517,0.6116722851195884,0.4035487918164461,-0.002013017486916957,-0.40139601481488574,-0.00013975951464338454
0.09947630003371517,0.0,0.27511723385032766,-0.16255338823797946,-0.08717595612334192,-0.010738739283405697,0.19753811449195777
0.027563139111722843,-0.607263255884401,0.28719801326254885,0.1584800499755497,-1.1360671027092601,1.273801119435489,0.49552797204419374
-0.9742720217230647,0.7132507374277228,-0.49367493596642936,0.1166379116674559,0.016730435013900202,0.04200466166320499,0.13996776936638622
-0.0344762216888681,0.033053905487107266,-0.5083488260914897,0.2096775841587621,0.45521409119771855,0.0,-1.2878316348520782
-1.7109201892500119,0.5181926447288638,0.570391828555634,0.23022282050025478,-1.1853158920045643,-0.4406618330040317,1.119690083568447
-0.5805107898292585,-0.293704366478448,0.16884603270540366,0.9302131631586082,-0.2870908986672941,-2.071733707877566,0.8500966774287402
1.1189162645155135,-0.7830393836898462,-0.11103664455600293,0.29398977479887184,0.047533005551417803,-0.05401795443750957,-1.9973602432750048
-0.37021763703982785,0.5357960491308935,-0.00441261063995424,0.5850159262689707,-0.3889461392980471,-0.3231898955245317,0.16146198369590475
0.6133144649249336,-0.2587523784767383,0.5407578329894013,-0.20015290106994843,1.083204718455642,-1.1475215693758143,-0.3278226463888996
-0.48753418703988755,0.7200147807585116,-0.0823711157432822,0.003187571481055168,-0.014250592459132128,-0.026299486603661215,-0.7864987210678575
-0.3103805632226689,0.02496818310254517,0.2699311008351067,0.015481279285017014,-0.7750866961895163,-0.39037638882310166,0.7299037667387498
0.46440764105147975,-1.2162355757933119e-11,-0.00023524411581472577,-0.12518227714038405,0.12880002835163376,-0.00040944960669216796,-0.25456344430156946
-0.48557276423690654,0.10732398788841824,0.7732730363181588,-0.20111904589789337,0.0,0.006628393251782437,-0.16765311069510486
0.09128031062944053,-0.09128031062944053,0.0,0.3017795669292839,0.31175348389546803,-0.613533050824752,0.0
0.1060639494305262,-0.6238589896933255,0.5225014418875698,0.5191869216394566,-0.523893323264227,0.0,0.0
-0.3079388387245211,0.44884726629777216,0.0,-0.462131075864032,0.462131075864032,0.0,0.6902453726455616
-0.4881868365572285,0.13035349662895232,0.0,0.05770386718145881,0.368656531022475,-0.4263603982039338,0.0
0.20898601486280288,-0.5176122532486567,0.07880559603136986,0.0924190681059647,0.5028770010158543,-0.3756502054718171,-0.4678531244917595
